0,,,,,,,,1572520389.2244134
1,,,,,,,,1572520389.224421
2,,,,,,,,1572520389.2244263
3,,,,,,,,1572520389.2266092
4,,,,,,,,1572520389.2266166
5,,,,,,,,1572520389.2266219
6,,,,,,,,1572520389.2284024
7,,,,,,,,1572520389.2284093
8,,,,,,,,1572520389.2284145
9,,,,,,,,1572520389.2303138
10,,,,,,,,1572520389.2303207
11,,,,,,,,1572520389.2303257
12,,,,,,,,1572520389.2323866
13,,,,,,,,1572520389.2323954
14,,,,,,,,1572520389.232401
15,,,,,,,,1572520389.234957
16,,,,,,,,1572520389.2349656
17,,,,,,,,1572520389.2349708
18,,,,,,,,1572520389.2368927
19,,,,,,,,1572520389.2369015
20,,,,,,,,1572520389.2369068
21,,,,,,,,1572520389.238607
22,,,,,,,,1572520389.2386138
23,,,,,,,,1572520389.2386189
24,,,,,,,,1572520389.2405596
25,,,,,,,,1572520389.2405696
26,,,,,,,,1572520389.240578
27,,,,,,,,1572520389.2423742
28,,,,,,,,1572520389.242381
29,,,,,,,,1572520389.242386
30,,,,,,,,1572520389.244073
31,,,,,,,,1572520389.2440798
32,,,,,,,,1572520389.244085
33,,,,,,,,1572520389.245873
34,,,,,,,,1572520389.2458813
35,,,,,,,,1572520389.2458866
36,,,,,,,,1572520389.2479131
37,,,,,,,,1572520389.2479217
38,,,,,,,,1572520389.2479272
39,,,,,,,,1572520389.2504995
40,,,,,,,,1572520389.250509
41,,,,,,,,1572520389.2505143
42,,,,,,,,1572520389.2530627
43,,,,,,,,1572520389.253072
44,,,,,,,,1572520389.2530775
45,,,,,,,,1572520389.2552068
46,,,,,,,,1572520389.2552152
47,,,,,,,,1572520389.2552207
48,,,,,,,,1572520389.2570035
49,,,,,,,,1572520389.2570102
50,,,,,,,,1572520389.2570152
51,,,,,,,,1572520389.259136
52,,,,,,,,1572520389.259145
53,,,,,,,,1572520389.2591505
54,,,,,,,,1572520389.2612867
55,,,,,,,,1572520389.2612963
56,,,,,,,,1572520389.2613018
57,,,,,,,,1572520389.2632067
58,,,,,,,,1572520389.2632155
59,,,,,,,,1572520389.2632215
60,,,,,,,,1572520389.2655494
61,,,,,,,,1572520389.2655618
62,,,,,,,,1572520389.2655678
63,,,,,,,,1572520389.2676802
64,,,,,,,,1572520389.2676885
65,,,,,,,,1572520389.2676933
66,,,,,,,,1572520389.2693372
67,,,,,,,,1572520389.2693439
68,,,,,,,,1572520389.2693489
69,,,,,,,,1572520389.2711685
70,,,,,,,,1572520389.2711756
71,,,,,,,,1572520389.271181
72,,,,,,,,1572520389.2729173
73,,,,,,,,1572520389.2729254
74,,,,,,,,1572520389.2729306
75,,,,,,,,1572520389.2747896
76,,,,,,,,1572520389.2747967
77,,,,,,,,1572520389.2748022
78,,,,,,,,1572520389.2768152
79,,,,,,,,1572520389.276824
80,,,,,,,,1572520389.2768295
81,,,,,,,,1572520389.2788415
82,,,,,,,,1572520389.27885
83,,,,,,,,1572520389.2788553
84,,,,,,,,1572520389.2807786
85,,,,,,,,1572520389.2807865
86,,,,,,,,1572520389.2807918
87,,,,,,,,1572520389.2827108
88,,,,,,,,1572520389.282718
89,,,,,,,,1572520389.2827253
90,,,,,,,,1572520389.2845356
91,,,,,,,,1572520389.2845428
92,,,,,,,,1572520389.284548
93,,,,,,,,1572520389.2863672
94,,,,,,,,1572520389.2863743
95,,,,,,,,1572520389.2863796
96,,,,,,,,1572520389.2882073
97,,,,,,,,1572520389.2882144
98,,,,,,,,1572520389.2882197
99,,,,,,,,1572520389.2899106
100,,,,,,,,1572520389.2899175
101,,,,,,,,1572520389.2899225
102,,,,,,,,1572520389.2916913
103,,,,,,,,1572520389.2916982
104,,,,,,,,1572520389.2917032
105,,,,,,,,1572520389.2934866
106,,,,,,,,1572520389.2934933
107,,,,,,,,1572520389.2935
108,,,,,,,,1572520389.2951794
109,,,,,,,,1572520389.2951865
110,,,,,,,,1572520389.2951918
111,,,,,,,,1572520389.2969248
112,,,,,,,,1572520389.2969315
113,,,,,,,,1572520389.2969365
114,,,,,,,,1572520389.2985728
115,,,,,,,,1572520389.2985797
116,,,,,,,,1572520389.298585
117,,,,,,,,1572520389.3002748
118,,,,,,,,1572520389.300281
119,,,,,,,,1572520389.3002865
120,,,,,,,,1572520389.3019202
121,,,,,,,,1572520389.301927
122,,,,,,,,1572520389.3019323
123,,,,,,,,1572520389.3038037
124,,,,,,,,1572520389.3038106
125,,,,,,,,1572520389.3038154
126,,,,,,,,1572520389.3243685
127,,,,,,,,1572520389.3243804
128,,,,,,,,1572520389.3243861
129,,,,,,,,1572520389.3264658
130,,,,,,,,1572520389.3264735
131,,,,,,,,1572520389.326479
132,,,,,,,,1572520389.328348
133,,,,,,,,1572520389.328355
134,,,,,,,,1572520389.32836
135,,,,,,,,1572520389.3301332
136,,,,,,,,1572520389.33014
137,,,,,,,,1572520389.3301451
138,,,,,,,,1572520389.3318183
139,,,,,,,,1572520389.3318255
140,,,,,,,,1572520389.3318305
141,,,,,,,,1572520389.3335135
142,,,,,,,,1572520389.3335204
143,,,,,,,,1572520389.3335254
144,,,,,,,,1572520389.3353374
145,,,,,,,,1572520389.3353443
146,,,,,,,,1572520389.3353496
147,,,,,,,,1572520389.3371382
148,,,,,,,,1572520389.3371456
149,,,,,,,,1572520389.3371525
150,,,,,,,,1572520389.338884
151,,,,,,,,1572520389.3388908
152,,,,,,,,1572520389.3388958
153,,,,,,,,1572520389.3406575
154,,,,,,,,1572520389.3406641
155,,,,,,,,1572520389.3406692
156,,,,,,,,1572520389.3426578
157,,,,,,,,1572520389.342665
158,,,,,,,,1572520389.3426697
159,,,,,,,,1572520389.3445222
160,,,,,,,,1572520389.3445294
161,,,,,,,,1572520389.3445346
162,,,,,,,,1572520389.346282
163,,,,,,,,1572520389.3462887
164,,,,,,,,1572520389.3462937
165,,,,,,,,1572520389.3480628
166,,,,,,,,1572520389.34807
167,,,,,,,,1572520389.348075
168,,,,,,,,1572520389.3497982
169,,,,,,,,1572520389.349805
170,,,,,,,,1572520389.3498101
171,,,,,,,,1572520389.3515627
172,,,,,,,,1572520389.35157
173,,,,,,,,1572520389.3515751
174,,,,,,,,1572520389.3532875
175,,,,,,,,1572520389.3532946
176,,,,,,,,1572520389.3532999
177,,,,,,,,1572520389.3550699
178,,,,,,,,1572520389.3550763
179,,,,,,,,1572520389.3550816
180,,,,,,,,1572520389.3567965
181,,,,,,,,1572520389.3568034
182,,,,,,,,1572520389.3568084
183,,,,,,,,1572520389.3584833
184,,,,,,,,1572520389.3584898
185,,,,,,,,1572520389.358495
186,,,,,,,,1572520389.3602927
187,,,,,,,,1572520389.3602993
188,,,,,,,,1572520389.3603036
189,,,,,,,,1572520389.3620105
190,,,,,,,,1572520389.3620176
191,,,,,,,,1572520389.3620226
192,,,,,,,,1572520389.3637655
193,,,,,,,,1572520389.3637722
194,,,,,,,,1572520389.3637774
195,,,,,,,,1572520389.365655
196,,,,,,,,1572520389.3656652
197,,,,,,,,1572520389.365673
198,,,,,,,,1572520389.3676007
199,,,,,,,,1572520389.367608
200,,,,,,,,1572520389.3676128
201,,,,,,,,1572520389.3692377
202,,,,,,,,1572520389.3692467
203,,,,,,,,1572520389.3692517
204,,,,,,,,1572520389.3710287
205,,,,,,,,1572520389.3710358
206,,,,,,,,1572520389.371041
207,,,,,,,,1572520389.3727622
208,,,,,,,,1572520389.3727689
209,,,,,,,,1572520389.372774
210,,,,,,,,1572520389.3745239
211,,,,,,,,1572520389.3745563
212,,,,,,,,1572520389.3745625
213,,,,,,,,1572520389.376298
214,,,,,,,,1572520389.3763046
215,,,,,,,,1572520389.3763099
216,,,,,,,,1572520389.378059
217,,,,,,,,1572520389.3780656
218,,,,,,,,1572520389.3780708
219,,,,,,,,1572520389.3795922
220,,,,,,,,1572520389.3795996
221,,,,,,,,1572520389.3796048
222,,,,,,,,1572520389.3813405
223,,,,,,,,1572520389.3813467
224,,,,,,,,1572520389.381352
225,,,,,,,,1572520389.3832672
226,,,,,,,,1572520389.383274
227,,,,,,,,1572520389.3832793
228,,,,,,,,1572520389.3849537
229,,,,,,,,1572520389.3849607
230,,,,,,,,1572520389.3849657
231,,,,,,,,1572520389.3866954
232,,,,,,,,1572520389.3867023
233,,,,,,,,1572520389.3867075
234,,,,,,,,1572520389.3883588
235,,,,,,,,1572520389.3883653
236,,,,,,,,1572520389.3883708
237,,,,,,,,1572520389.390095
238,,,,,,,,1572520389.3901017
239,,,,,,,,1572520389.390107
240,,,,,,,,1572520389.3918755
241,,,,,,,,1572520389.3918822
242,,,,,,,,1572520389.3918874
243,,,,,,,,1572520389.3935335
244,,,,,,,,1572520389.3935406
245,,,,,,,,1572520389.3935456
246,,,,,,,,1572520389.3953247
247,,,,,,,,1572520389.3953319
248,,,,,,,,1572520389.3953369
249,,,,,,,,1572520389.3970802
250,,,,,,,,1572520389.3970866
251,,,,,,,,1572520389.3970914
252,,,,,,,,1572520389.398959
253,,,,,,,,1572520389.3989658
254,,,,,,,,1572520389.3989708
255,,,,,,,,1572520389.4006445
256,,,,,,,,1572520389.4006512
257,,,,,,,,1572520389.4006565
258,,,,,,,,1572520389.40213
259,,,,,,,,1572520389.4021366
260,,,,,,,,1572520389.4021418
261,,,,,,,,1572520389.4036222
262,,,,,,,,1572520389.4036288
263,,,,,,,,1572520389.4036336
264,,,,,,,,1572520389.405358
265,,,,,,,,1572520389.4053648
266,,,,,,,,1572520389.4053698
267,,,,,,,,1572520389.407206
268,,,,,,,,1572520389.407213
269,,,,,,,,1572520389.4072182
270,,,,,,,,1572520389.4089403
271,,,,,,,,1572520389.408947
272,,,,,,,,1572520389.408952
273,,,,,,,,1572520389.4107437
274,,,,,,,,1572520389.4107506
275,,,,,,,,1572520389.4107559
276,,,,,,,,1572520389.412626
277,,,,,,,,1572520389.4126322
278,,,,,,,,1572520389.4126372
279,,,,,,,,1572520389.4143944
280,,,,,,,,1572520389.4144015
281,,,,,,,,1572520389.4144065
282,,,,,,,,1572520389.4159665
283,,,,,,,,1572520389.4159734
284,,,,,,,,1572520389.4159784
285,,,,,,,,1572520389.4177096
286,,,,,,,,1572520389.417716
287,,,,,,,,1572520389.417721
288,,,,,,,,1572520389.4194722
289,,,,,,,,1572520389.4194794
290,,,,,,,,1572520389.4194844
291,,,,,,,,1572520389.4212236
292,,,,,,,,1572520389.4212306
293,,,,,,,,1572520389.4212358
294,,,,,,,,1572520389.4230852
295,,,,,,,,1572520389.4230924
296,,,,,,,,1572520389.4230971
297,,,,,,,,1572520389.4248717
298,,,,,,,,1572520389.4248784
299,,,,,,,,1572520389.4248834
300,,,,,,,,1572520389.4264472
301,,,,,,,,1572520389.4264538
302,,,,,,,,1572520389.4264586
303,,,,,,,,1572520389.4281902
304,,,,,,,,1572520389.428197
305,,,,,,,,1572520389.428202
306,,,,,,,,1572520389.4301062
307,,,,,,,,1572520389.4301126
308,,,,,,,,1572520389.4301176
309,,,,,,,,1572520389.4319222
310,,,,,,,,1572520389.4319315
311,,,,,,,,1572520389.4319367
312,,,,,,,,1572520389.433595
313,,,,,,,,1572520389.4336016
314,,,,,,,,1572520389.4336066
315,,,,,,,,1572520389.435281
316,,,,,,,,1572520389.435288
317,,,,,,,,1572520389.435293
318,,,,,,,,1572520389.4370797
319,,,,,,,,1572520389.4370859
320,,,,,,,,1572520389.437091
321,,,,,,,,1572520389.4388034
322,,,,,,,,1572520389.4388103
323,,,,,,,,1572520389.4388156
324,,,,,,,,1572520389.4405065
325,,,,,,,,1572520389.4405127
326,,,,,,,,1572520389.440518
327,,,,,,,,1572520389.4422212
328,,,,,,,,1572520389.4422274
329,,,,,,,,1572520389.4422326
330,,,,,,,,1572520389.4439652
331,,,,,,,,1572520389.4439716
332,,,,,,,,1572520389.4439762
333,,,,,,,,1572520389.44569
334,,,,,,,,1572520389.4456966
335,,,,,,,,1572520389.4457018
336,,,,,,,,1572520389.4475002
337,,,,,,,,1572520389.447507
338,,,,,,,,1572520389.4475121
339,,,,,,,,1572520389.449252
340,,,,,,,,1572520389.449258
341,,,,,,,,1572520389.449263
342,,,,,,,,1572520389.4511418
343,,,,,,,,1572520389.4511485
344,,,,,,,,1572520389.4511535
345,,,,,,,,1572520389.4529157
346,,,,,,,,1572520389.4529228
347,,,,,,,,1572520389.452928
348,,,,,,,,1572520389.4547217
349,,,,,,,,1572520389.4547288
350,,,,,,,,1572520389.454734
351,,,,,,,,1572520389.4562864
352,,,,,,,,1572520389.4562926
353,,,,,,,,1572520389.4562976
354,,,,,,,,1572520389.4580452
355,,,,,,,,1572520389.4580522
356,,,,,,,,1572520389.4580572
357,,,,,,,,1572520389.4598434
358,,,,,,,,1572520389.4598498
359,,,,,,,,1572520389.4598548
360,,,,,,,,1572520389.4615598
361,,,,,,,,1572520389.4615667
362,,,,,,,,1572520389.461572
363,,,,,,,,1572520389.463285
364,,,,,,,,1572520389.4632916
365,,,,,,,,1572520389.4632967
366,,,,,,,,1572520389.4651065
367,,,,,,,,1572520389.465113
368,,,,,,,,1572520389.465118
369,,,,,,,,1572520389.4668245
370,,,,,,,,1572520389.4668312
371,,,,,,,,1572520389.4668362
372,,,,,,,,1572520389.4685078
373,,,,,,,,1572520389.4685137
374,,,,,,,,1572520389.4685187
375,,,,,,,,1572520389.4701967
376,,,,,,,,1572520389.4702032
377,,,,,,,,1572520389.470208
378,,,,,,,,1572520389.471966
379,,,,,,,,1572520389.471973
380,,,,,,,,1572520389.471978
381,,,,,,,,1572520389.4736345
382,,,,,,,,1572520389.4736414
383,,,,,,,,1572520389.4736464
384,,,,,,,,1572520389.4752722
385,,,,,,,,1572520389.4752786
386,,,,,,,,1572520389.4752836
387,,,,,,,,1572520389.4769964
388,,,,,,,,1572520389.477003
389,,,,,,,,1572520389.4770079
390,,,,,,,,1572520389.478781
391,,,,,,,,1572520389.478788
392,,,,,,,,1572520389.478793
393,,,,,,,,1572520389.4803953
394,,,,,,,,1572520389.480402
395,,,,,,,,1572520389.4804068
396,,,,,,,,1572520389.482043
397,,,,,,,,1572520389.4820504
398,,,,,,,,1572520389.4820554
399,,,,,,,,1572520389.4838028
400,,,,,,,,1572520389.4838095
401,,,,,,,,1572520389.4838147
402,,,,,,,,1572520389.4856472
403,,,,,,,,1572520389.4856534
404,,,,,,,,1572520389.4856586
405,,,,,,,,1572520389.4873688
406,,,,,,,,1572520389.487378
407,,,,,,,,1572520389.4873831
408,,,,,,,,1572520389.4890044
409,,,,,,,,1572520389.4890106
410,,,,,,,,1572520389.4890156
411,,,,,,,,1572520389.4908297
412,,,,,,,,1572520389.4908364
413,,,,,,,,1572520389.4908416
414,,,,,,,,1572520389.4925442
415,,,,,,,,1572520389.4925506
416,,,,,,,,1572520389.4925559
417,,,,,,,,1572520389.4942558
418,,,,,,,,1572520389.4942625
419,,,,,,,,1572520389.4942677
420,,,,,,,,1572520389.496039
421,,,,,,,,1572520389.4960458
422,,,,,,,,1572520389.4960501
423,,,,,,,,1572520389.497768
424,,,,,,,,1572520389.4977744
425,,,,,,,,1572520389.4977791
426,,,,,,,,1572520389.4993582
427,,,,,,,,1572520389.4993649
428,,,,,,,,1572520389.49937
429,,,,,,,,1572520389.5011168
430,,,,,,,,1572520389.5011232
431,,,,,,,,1572520389.501128
432,,,,,,,,1572520389.50298
433,,,,,,,,1572520389.5029867
434,,,,,,,,1572520389.502992
435,,,,,,,,1572520389.504825
436,,,,,,,,1572520389.5048318
437,,,,,,,,1572520389.504837
438,,,,,,,,1572520389.5066197
439,,,,,,,,1572520389.5066266
440,,,,,,,,1572520389.5066314
441,,,,,,,,1572520389.5082915
442,,,,,,,,1572520389.5082984
443,,,,,,,,1572520389.5083036
444,,,,,,,,1572520389.5099678
445,,,,,,,,1572520389.5099742
446,,,,,,,,1572520389.5099797
447,,,,,,,,1572520389.511707
448,,,,,,,,1572520389.5117135
449,,,,,,,,1572520389.511719
450,,,,,,,,1572520389.5134141
451,,,,,,,,1572520389.5134208
452,,,,,,,,1572520389.5134258
453,,,,,,,,1572520389.515142
454,,,,,,,,1572520389.5151484
455,,,,,,,,1572520389.5151534
456,,,,,,,,1572520389.517044
457,,,,,,,,1572520389.5170534
458,,,,,,,,1572520389.5170586
459,,,,,,,,1572520389.519146
460,,,,,,,,1572520389.5191555
461,,,,,,,,1572520389.5191605
462,,,,,,,,1572520389.5211883
463,,,,,,,,1572520389.5211997
464,,,,,,,,1572520389.5212047
465,,,,,,,,1572520389.5230849
466,,,,,,,,1572520389.5230923
467,,,,,,,,1572520389.5230975
468,,,,,,,,1572520389.5248842
469,,,,,,,,1572520389.5248914
470,,,,,,,,1572520389.5248966
471,,,,,,,,1572520389.5265892
472,,,,,,,,1572520389.5265963
473,,,,,,,,1572520389.5266016
474,,,,,,,,1572520389.5281937
475,,,,,,,,1572520389.5282004
476,,,,,,,,1572520389.5282054
477,,,,,,,,1572520389.5298183
478,,,,,,,,1572520389.529824
479,,,,,,,,1572520389.529829
480,,,,,,,,1572520389.531477
481,,,,,,,,1572520389.531484
482,,,,,,,,1572520389.5314887
483,,,,,,,,1572520389.5332878
484,,,,,,,,1572520389.5332947
485,,,,,,,,1572520389.5332997
486,,,,,,,,1572520389.5349834
487,,,,,,,,1572520389.53499
488,,,,,,,,1572520389.5349948
489,,,,,,,,1572520389.5366735
490,,,,,,,,1572520389.5366805
491,,,,,,,,1572520389.5366855
492,,,,,,,,1572520389.53848
493,,,,,,,,1572520389.5384865
494,,,,,,,,1572520389.5384917
495,,,,,,,,1572520389.5402484
496,,,,,,,,1572520389.5402553
497,,,,,,,,1572520389.54026
498,,,,,,,,1572520389.5419126
499,,,,,,,,1572520389.5419192
500,,,,,,,,1572520389.5419242
501,,,,,,,,1572520389.5437214
502,,,,,,,,1572520389.5437286
503,,,,,,,,1572520389.5437336
504,,,,,,,,1572520389.5452683
505,,,,,,,,1572520389.5452754
506,,,,,,,,1572520389.5452805
507,,,,,,,,1572520389.5468388
508,,,,,,,,1572520389.5468454
509,,,,,,,,1572520389.5468502
510,,,,,,,,1572520389.5485523
511,,,,,,,,1572520389.548559
512,,,,,,,,1572520389.548564
513,,,,,,,,1572520389.5502608
514,,,,,,,,1572520389.5502675
515,,,,,,,,1572520389.5502727
516,,,,,,,,1572520389.5519645
517,,,,,,,,1572520389.551972
518,,,,,,,,1572520389.551977
519,,,,,,,,1572520389.5536358
520,,,,,,,,1572520389.553642
521,,,,,,,,1572520389.553647
522,,,,,,,,1572520389.555486
523,,,,,,,,1572520389.5554936
524,,,,,,,,1572520389.5554988
525,,,,,,,,1572520389.5570707
526,,,,,,,,1572520389.5570776
527,,,,,,,,1572520389.5570834
528,,,,,,,,1572520389.5588143
529,,,,,,,,1572520389.5588212
530,,,,,,,,1572520389.5588262
531,,,,,,,,1572520389.56056
532,,,,,,,,1572520389.5605664
533,,,,,,,,1572520389.5605717
534,,,,,,,,1572520389.5622902
535,,,,,,,,1572520389.562297
536,,,,,,,,1572520389.562302
537,,,,,,,,1572520389.563912
538,,,,,,,,1572520389.5639186
539,,,,,,,,1572520389.5639236
540,,,,,,,,1572520389.5656903
541,,,,,,,,1572520389.5656974
542,,,,,,,,1572520389.5657027
543,,,,,,,,1572520389.5675068
544,,,,,,,,1572520389.5675125
545,,,,,,,,1572520389.5675178
546,,,,,,,,1572520389.5692484
547,,,,,,,,1572520389.5692546
548,,,,,,,,1572520389.56926
549,,,,,,,,1572520389.5710552
550,,,,,,,,1572520389.571062
551,,,,,,,,1572520389.571067
552,,,,,,,,1572520389.5727108
553,,,,,,,,1572520389.5727177
554,,,,,,,,1572520389.5727227
555,,,,,,,,1572520389.5743487
556,,,,,,,,1572520389.574356
557,,,,,,,,1572520389.5743608
558,,,,,,,,1572520389.575906
559,,,,,,,,1572520389.5759125
560,,,,,,,,1572520389.5759175
561,,,,,,,,1572520389.5777335
562,,,,,,,,1572520389.5777419
563,,,,,,,,1572520389.577747
564,,,,,,,,1572520389.5798573
565,,,,,,,,1572520389.5798655
566,,,,,,,,1572520389.5798705
567,,,,,,,,1572520389.5816784
568,,,,,,,,1572520389.581685
569,,,,,,,,1572520389.58169
570,,,,,,,,1572520389.5834334
571,,,,,,,,1572520389.5834408
572,,,,,,,,1572520389.583446
573,,,,,,,,1572520389.58507
574,,,,,,,,1572520389.5850763
575,,,,,,,,1572520389.5850813
576,,,,,,,,1572520389.5866919
577,,,,,,,,1572520389.5866988
578,,,,,,,,1572520389.5867038
579,,,,,,,,1572520389.5886178
580,,,,,,,,1572520389.5886252
581,,,,,,,,1572520389.5886297
582,,,,,,,,1572520389.5902889
583,,,,,,,,1572520389.590295
584,,,,,,,,1572520389.5903
585,,,,,,,,1572520389.5920656
586,,,,,,,,1572520389.5920725
587,,,,,,,,1572520389.5920777
588,,,,,,,,1572520389.5937681
589,,,,,,,,1572520389.5937746
590,,,,,,,,1572520389.5937796
591,,,,,,,,1572520389.5954819
592,,,,,,,,1572520389.5954885
593,,,,,,,,1572520389.5954936
594,,,,,,,,1572520389.5972655
595,,,,,,,,1572520389.5972722
596,,,,,,,,1572520389.5972772
597,,,,,,,,1572520389.5990722
598,,,,,,,,1572520389.5990791
599,,,,,,,,1572520389.599085
600,,,,,,,,1572520389.6008782
601,,,,,,,,1572520389.600885
602,,,,,,,,1572520389.6008902
603,,,,,,,,1572520389.6025264
604,,,,,,,,1572520389.6025608
605,,,,,,,,1572520389.6025662
606,,,,,,,,1572520389.6041446
607,,,,,,,,1572520389.6041512
608,,,,,,,,1572520389.6041563
609,,,,,,,,1572520389.6058621
610,,,,,,,,1572520389.605869
611,,,,,,,,1572520389.605874
612,,,,,,,,1572520389.6075654
613,,,,,,,,1572520389.607572
614,,,,,,,,1572520389.607577
615,,,,,,,,1572520389.6092587
616,,,,,,,,1572520389.6092653
617,,,,,,,,1572520389.6092706
618,,,,,,,,1572520389.61124
619,,,,,,,,1572520389.6112473
620,,,,,,,,1572520389.6112523
621,,,,,,,,1572520389.6129444
622,,,,,,,,1572520389.6129513
623,,,,,,,,1572520389.6129565
624,,,,,,,,1572520389.6147816
625,,,,,,,,1572520389.6147888
626,,,,,,,,1572520389.6147943
627,,,,,,,,1572520389.6164463
628,,,,,,,,1572520389.6164525
629,,,,,,,,1572520389.6164575
630,,,,,,,,1572520389.6181812
631,,,,,,,,1572520389.6181877
632,,,,,,,,1572520389.618193
633,,,,,,,,1572520389.6203907
634,,,,,,,,1572520389.6204004
635,,,,,,,,1572520389.620406
636,,,,,,,,1572520389.6225107
637,,,,,,,,1572520389.622519
638,,,,,,,,1572520389.6225243
639,,,,,,,,1572520389.6246552
640,,,,,,,,1572520389.6246643
641,,,,,,,,1572520389.6246698
642,,,,,,,,1572520389.6267264
643,,,,,,,,1572520389.6267352
644,,,,,,,,1572520389.62674
645,,,,,,,,1572520389.6283553
646,,,,,,,,1572520389.6283627
647,,,,,,,,1572520389.6283677
648,,,,,,,,1572520389.6300273
649,,,,,,,,1572520389.6300342
650,,,,,,,,1572520389.6300392
651,,,,,,,,1572520389.6318345
652,,,,,,,,1572520389.6318414
653,,,,,,,,1572520389.631847
654,,,,,,,,1572520389.6335015
655,,,,,,,,1572520389.6335084
656,,,,,,,,1572520389.6335135
657,,,,,,,,1572520389.635263
658,,,,,,,,1572520389.63527
659,,,,,,,,1572520389.6352754
660,,,,,,,,1572520389.6367025
661,,,,,,,,1572520389.636709
662,,,,,,,,1572520389.636714
663,,,,,,,,1572520389.6385517
664,,,,,,,,1572520389.63856
665,,,,,,,,1572520389.638564
666,,,,,,,,1572520389.64033
667,,,,,,,,1572520389.6403368
668,,,,,,,,1572520389.6403413
669,,,,,,,,1572520389.6419692
670,,,,,,,,1572520389.6419756
671,,,,,,,,1572520389.6419806
672,,,,,,,,1572520389.64353
673,,,,,,,,1572520389.6435366
674,,,,,,,,1572520389.6435416
675,,,,,,,,1572520389.6452215
676,,,,,,,,1572520389.6452281
677,,,,,,,,1572520389.6452332
678,,,,,,,,1572520389.6470587
679,,,,,,,,1572520389.6470656
680,,,,,,,,1572520389.6470737
681,,,,,,,,1572520389.6487207
682,,,,,,,,1572520389.648727
683,,,,,,,,1572520389.6487322
684,,,,,,,,1572520389.650432
685,,,,,,,,1572520389.6504383
686,,,,,,,,1572520389.6504438
687,,,,,,,,1572520389.6522124
688,,,,,,,,1572520389.6522193
689,,,,,,,,1572520389.6522245
690,,,,,,,,1572520389.653824
691,,,,,,,,1572520389.6538303
692,,,,,,,,1572520389.6538355
693,,,,,,,,1572520389.655671
694,,,,,,,,1572520389.655678
695,,,,,,,,1572520389.6556833
696,,,,,,,,1572520389.6572797
697,,,,,,,,1572520389.6572864
698,,,,,,,,1572520389.6572914
699,,,,,,,,1572520389.6589785
700,,,,,,,,1572520389.6589851
701,,,,,,,,1572520389.6589904
702,,,,,,,,1572520389.6608338
703,,,,,,,,1572520389.6608405
704,,,,,,,,1572520389.6608455
705,,,,,,,,1572520389.662606
706,,,,,,,,1572520389.6626132
707,,,,,,,,1572520389.6626186
708,,,,,,,,1572520389.6643794
709,,,,,,,,1572520389.664386
710,,,,,,,,1572520389.6643913
711,,,,,,,,1572520389.6663966
712,,,,,,,,1572520389.6664093
713,,,,,,,,1572520389.666416
714,,,,,,,,1572520389.6688988
715,,,,,,,,1572520389.6689079
716,,,,,,,,1572520389.6689134
717,,,,,,,,1572520389.670907
718,,,,,,,,1572520389.670915
719,,,,,,,,1572520389.6709201
720,,,,,,,,1572520389.6727424
721,,,,,,,,1572520389.6727493
722,,,,,,,,1572520389.6727545
723,,,,,,,,1572520389.6746936
724,,,,,,,,1572520389.674701
725,,,,,,,,1572520389.6747065
726,,,,,,,,1572520389.6766348
727,,,,,,,,1572520389.676642
728,,,,,,,,1572520389.6766474
729,,,,,,,,1572520389.678551
730,,,,,,,,1572520389.6785595
731,,,,,,,,1572520389.678565
732,,,,,,,,1572520389.6803365
733,,,,,,,,1572520389.6803436
734,,,,,,,,1572520389.6803486
735,,,,,,,,1572520389.6821659
736,,,,,,,,1572520389.6821728
737,,,,,,,,1572520389.682178
738,,,,,,,,1572520389.6841042
739,,,,,,,,1572520389.6841114
740,,,,,,,,1572520389.6841168
741,,,,,,,,1572520389.6859975
742,,,,,,,,1572520389.6860044
743,,,,,,,,1572520389.68601
744,,,,,,,,1572520389.687923
745,,,,,,,,1572520389.68793
746,,,,,,,,1572520389.6879356
747,,,,,,,,1572520389.6897943
748,,,,,,,,1572520389.6898012
749,,,,,,,,1572520389.6898067
750,,,,,,,,1572520389.6917622
751,,,,,,,,1572520389.6917696
752,,,,,,,,1572520389.691775
753,,,,,,,,1572520389.6935375
754,,,,,,,,1572520389.6935444
755,,,,,,,,1572520389.6935499
756,,,,,,,,1572520389.6960244
757,,,,,,,,1572520389.6960354
758,,,,,,,,1572520389.6960425
759,,,,,,,,1572520389.699101
760,,,,,,,,1572520389.6991127
761,,,,,,,,1572520389.699121
762,,,,,,,,1572520389.7019262
763,,,,,,,,1572520389.7019367
764,,,,,,,,1572520389.7019446
765,,,,,,,,1572520389.7047808
766,,,,,,,,1572520389.7047915
767,,,,,,,,1572520389.7047997
768,,,,,,,,1572520389.7072504
769,,,,,,,,1572520389.7072582
770,,,,,,,,1572520389.7072635
771,,,,,,,,1572520389.7091444
772,,,,,,,,1572520389.7091525
773,,,,,,,,1572520389.709158
774,,,,,,,,1572520389.7121027
775,,,,,,,,1572520389.7121131
776,,,,,,,,1572520389.7121212
777,,,,,,,,1572520389.7150922
778,,,,,,,,1572520389.7151027
779,,,,,,,,1572520389.715111
780,,,,,,,,1572520389.7178252
781,,,,,,,,1572520389.7178357
782,,,,,,,,1572520389.717844
783,,,,,,,,1572520389.7206697
784,,,,,,,,1572520389.7206783
785,,,,,,,,1572520389.7206838
786,,,,,,,,1572520389.722633
787,,,,,,,,1572520389.7226408
788,,,,,,,,1572520389.7226458
789,,,,,,,,1572520389.7243671
790,,,,,,,,1572520389.724374
791,,,,,,,,1572520389.7243788
792,,,,,,,,1572520389.72611
793,,,,,,,,1572520389.726117
794,,,,,,,,1572520389.726122
795,,,,,,,,1572520389.7279203
796,,,,,,,,1572520389.727928
797,,,,,,,,1572520389.7279327
798,,,,,,,,1572520389.7296734
799,,,,,,,,1572520389.7296803
800,,,,,,,,1572520389.7296853
801,,,,,,,,1572520389.7314394
802,,,,,,,,1572520389.7314465
803,,,,,,,,1572520389.7314513
804,,,,,,,,1572520389.7330537
805,,,,,,,,1572520389.7330604
806,,,,,,,,1572520389.7330654
807,,,,,,,,1572520389.734772
808,,,,,,,,1572520389.7347786
809,,,,,,,,1572520389.7347836
810,,,,,,,,1572520389.736574
811,,,,,,,,1572520389.7365808
812,,,,,,,,1572520389.736586
813,,,,,,,,1572520389.73838
814,,,,,,,,1572520389.738387
815,,,,,,,,1572520389.7383924
816,,,,,,,,1572520389.7401636
817,,,,,,,,1572520389.7401705
818,,,,,,,,1572520389.7401757
819,,,,,,,,1572520389.741782
820,,,,,,,,1572520389.7417889
821,,,,,,,,1572520389.741794
822,,,,,,,,1572520389.743621
823,,,,,,,,1572520389.7436275
824,,,,,,,,1572520389.7436326
825,,,,,,,,1572520389.7453883
826,,,,,,,,1572520389.7453952
827,,,,,,,,1572520389.7454004
828,,,,,,,,1572520389.7472835
829,,,,,,,,1572520389.7472906
830,,,,,,,,1572520389.7472959
831,,,,,,,,1572520389.7489095
832,,,,,,,,1572520389.7489166
833,,,,,,,,1572520389.7489219
834,,,,,,,,1572520389.7505872
835,,,,,,,,1572520389.7505941
836,,,,,,,,1572520389.7505994
837,,,,,,,,1572520389.7520266
838,,,,,,,,1572520389.752033
839,,,,,,,,1572520389.7520382
840,,,,,,,,1572520389.7536628
841,,,,,,,,1572520389.753669
842,,,,,,,,1572520389.753674
843,,,,,,,,1572520389.755449
844,,,,,,,,1572520389.7554555
845,,,,,,,,1572520389.7554605
846,,,,,,,,1572520389.7571921
847,,,,,,,,1572520389.7571993
848,,,,,,,,1572520389.7572043
849,,,,,,,,1572520389.7591958
850,,,,,,,,1572520389.7592044
851,,,,,,,,1572520389.7592096
852,,,,,,,,1572520389.7613235
853,,,,,,,,1572520389.7613325
854,,,,,,,,1572520389.7613375
855,,,,,,,,1572520389.7632759
856,,,,,,,,1572520389.7632847
857,,,,,,,,1572520389.7632904
858,,,,,,,,1572520389.765267
859,,,,,,,,1572520389.7652771
860,,,,,,,,1572520389.7652826
861,,,,,,,,1572520389.7675023
862,,,,,,,,1572520389.767511
863,,,,,,,,1572520389.767516
864,,,,,,,,1572520389.7689795
865,,,,,,,,1572520389.7689857
866,,,,,,,,1572520389.768991
867,,,,,,,,1572520389.7707136
868,,,,,,,,1572520389.7707202
869,,,,,,,,1572520389.7707255
870,,,,,,,,1572520389.772493
871,,,,,,,,1572520389.7724998
872,,,,,,,,1572520389.7725048
873,,,,,,,,1572520389.7740936
874,,,,,,,,1572520389.7741005
875,,,,,,,,1572520389.7741063
876,,,,,,,,1572520389.775979
877,,,,,,,,1572520389.7759898
878,,,,,,,,1572520389.7759967
879,,,,,,,,1572520389.7787461
880,,,,,,,,1572520389.7787578
881,,,,,,,,1572520389.7787652
882,,,,,,,,1572520389.780798
883,,,,,,,,1572520389.780806
884,,,,,,,,1572520389.7808106
885,,,,,,,,1572520389.7826433
886,,,,,,,,1572520389.78265
887,,,,,,,,1572520389.7826552
888,,,,,,,,1572520389.7848074
889,,,,,,,,1572520389.7848148
890,,,,,,,,1572520389.78482
891,,,,,,,,1572520389.7865872
892,,,,,,,,1572520389.7865946
893,,,,,,,,1572520389.7865999
894,,,,,,,,1572520389.7881472
895,,,,,,,,1572520389.7881544
896,,,,,,,,1572520389.7881594
897,,,,,,,,1572520389.7897646
898,,,,,,,,1572520389.789771
899,,,,,,,,1572520389.7897763
900,,,,,,,,1572520389.791472
901,,,,,,,,1572520389.7914786
902,,,,,,,,1572520389.7914834
903,,,,,,,,1572520389.7933207
904,,,,,,,,1572520389.7933278
905,,,,,,,,1572520389.7933323
906,,,,,,,,1572520389.7951663
907,,,,,,,,1572520389.7951734
908,,,,,,,,1572520389.7951787
909,,,,,,,,1572520389.7968328
910,,,,,,,,1572520389.7968395
911,,,,,,,,1572520389.7968445
912,,,,,,,,1572520389.7986042
913,,,,,,,,1572520389.7986112
914,,,,,,,,1572520389.7986164
915,,,,,,,,1572520389.8002133
916,,,,,,,,1572520389.8002195
917,,,,,,,,1572520389.8002248
918,,,,,,,,1572520389.8018558
919,,,,,,,,1572520389.8018622
920,,,,,,,,1572520389.8018672
921,,,,,,,,1572520389.8034818
922,,,,,,,,1572520389.803489
923,,,,,,,,1572520389.8034945
924,,,,,,,,1572520389.8051555
925,,,,,,,,1572520389.8051627
926,,,,,,,,1572520389.8051677
927,,,,,,,,1572520389.806814
928,,,,,,,,1572520389.8068206
929,,,,,,,,1572520389.8068256
930,,,,,,,,1572520389.808595
931,,,,,,,,1572520389.8086019
932,,,,,,,,1572520389.8086069
933,,,,,,,,1572520389.810296
934,,,,,,,,1572520389.8103032
935,,,,,,,,1572520389.8103085
936,,,,,,,,1572520389.8121114
937,,,,,,,,1572520389.812118
938,,,,,,,,1572520389.812123
939,,,,,,,,1572520389.813806
940,,,,,,,,1572520389.813813
941,,,,,,,,1572520389.8138182
942,,,,,,,,1572520389.815981
943,,,,,,,,1572520389.8159878
944,,,,,,,,1572520389.8159928
945,,,,,,,,1572520389.8180194
946,,,,,,,,1572520389.8180263
947,,,,,,,,1572520389.8180315
948,,,,,,,,1572520389.819756
949,,,,,,,,1572520389.8197632
950,,,,,,,,1572520389.8197687
951,,,,,,,,1572520389.8214788
952,,,,,,,,1572520389.8214858
953,,,,,,,,1572520389.821491
954,,,,,,,,1572520389.8232024
955,,,,,,,,1572520389.8232098
956,,,,,,,,1572520389.8232148
957,,,,,,,,1572520389.824933
958,,,,,,,,1572520389.8249395
959,,,,,,,,1572520389.8249447
960,,,,,,,,1572520389.8266525
961,,,,,,,,1572520389.8266594
962,,,,,,,,1572520389.8266644
963,,,,,,,,1572520389.8283105
964,,,,,,,,1572520389.828317
965,,,,,,,,1572520389.8283217
966,,,,,,,,1572520389.8299859
967,,,,,,,,1572520389.8299925
968,,,,,,,,1572520389.8299975
969,,,,,,,,1572520389.8317425
970,,,,,,,,1572520389.8317494
971,,,,,,,,1572520389.8317542
972,,,,,,,,1572520389.8334908
973,,,,,,,,1572520389.8334978
974,,,,,,,,1572520389.833503
975,,,,,,,,1572520389.835244
976,,,,,,,,1572520389.8352506
977,,,,,,,,1572520389.8352556
978,,,,,,,,1572520389.8370168
979,,,,,,,,1572520389.8370233
980,,,,,,,,1572520389.8370283
981,,,,,,,,1572520389.838766
982,,,,,,,,1572520389.8387735
983,,,,,,,,1572520389.8387787
984,,,,,,,,1572520389.840529
985,,,,,,,,1572520389.8405356
986,,,,,,,,1572520389.8405406
987,,,,,,,,1572520389.8423257
988,,,,,,,,1572520389.8423324
989,,,,,,,,1572520389.8423376
990,,,,,,,,1572520389.8441918
991,,,,,,,,1572520389.844199
992,,,,,,,,1572520389.8442037
993,,,,,,,,1572520389.8705528
994,,,,,,,,1572520389.8705678
995,,,,,,,,1572520389.8705776
996,,,,,,,,1572520389.874131
997,,,,,,,,1572520389.874144
998,,,,,,,,1572520389.8741536
999,,,,,,,,1572520389.8774304
1000,,,,,,,,1572520389.8774443
1001,,,,,,,,1572520389.8774536
1002,,,,,,,,1572520389.8807285
1003,,,,,,,,1572520389.8807423
1004,,,,,,,,1572520389.8807516
1005,,,,,,,,1572520389.8840833
1006,,,,,,,,1572520389.8840966
1007,,,,,,,,1572520389.8841057
1008,,,,,,,,1572520389.887391
1009,,,,,,,,1572520389.8874037
1010,,,,,,,,1572520389.8874128
1011,,,,,,,,1572520389.890588
1012,,,,,,,,1572520389.890601
1013,,,,,,,,1572520389.89061
1014,,,,,,,,1572520389.8936455
1015,,,,,,,,1572520389.8936584
1016,,,,,,,,1572520389.8936672
1017,,,,,,,,1572520389.8973591
1018,,,,,,,,1572520389.8973715
1019,,,,,,,,1572520389.8973799
1020,,,,,,,,1572520389.9007394
1021,,,,,,,,1572520389.9007516
1022,,,,,,,,1572520389.9007607
1023,,,,,,,,1572520389.903922
1024,,,,,,,,1572520389.903935
1025,,,,,,,,1572520389.903944
1026,,,,,,,,1572520389.9071114
1027,,,,,,,,1572520389.907124
1028,,,,,,,,1572520389.9071329
1029,,,,,,,,1572520389.910436
1030,,,,,,,,1572520389.9104488
1031,,,,,,,,1572520389.9104583
1032,,,,,,,,1572520389.9143155
1033,,,,,,,,1572520389.9143293
1034,,,,,,,,1572520389.9143386
1035,,,,,,,,1572520389.9173312
1036,,,,,,,,1572520389.9173439
1037,,,,,,,,1572520389.917353
1038,,,,,,,,1572520389.9204972
1039,,,,,,,,1572520389.9205103
1040,,,,,,,,1572520389.9205196
1041,,,,,,,,1572520389.9237447
1042,,,,,,,,1572520389.9237578
1043,,,,,,,,1572520389.9237669
1044,,,,,,,,1572520389.9272218
1045,,,,,,,,1572520389.927235
1046,,,,,,,,1572520389.927244
1047,,,,,,,,1572520389.9304435
1048,,,,,,,,1572520389.930456
1049,,,,,,,,1572520389.9304645
1050,,,,,,,,1572520389.9338238
1051,,,,,,,,1572520389.9338377
1052,,,,,,,,1572520389.933847
1053,,,,,,,,1572520389.937074
1054,,,,,,,,1572520389.937087
1055,,,,,,,,1572520389.9370947
1056,,,,,,,,1572520389.9406028
1057,,,,,,,,1572520389.940616
1058,,,,,,,,1572520389.9406252
1059,,,,,,,,1572520389.9440846
1060,,,,,,,,1572520389.9440985
1061,,,,,,,,1572520389.9441078
1062,,,,,,,,1572520389.9473531
1063,,,,,,,,1572520389.9473672
1064,,,,,,,,1572520389.9473767
1065,,,,,,,,1572520389.9506598
1066,,,,,,,,1572520389.950673
1067,,,,,,,,1572520389.9506826
1068,,,,,,,,1572520389.9539545
1069,,,,,,,,1572520389.953968
1070,,,,,,,,1572520389.9539773
1071,,,,,,,,1572520389.9571714
1072,,,,,,,,1572520389.9571838
1073,,,,,,,,1572520389.9571924
1074,,,,,,,,1572520389.960395
1075,,,,,,,,1572520389.9604087
1076,,,,,,,,1572520389.9604177
1077,,,,,,,,1572520389.9638193
1078,,,,,,,,1572520389.9638321
1079,,,,,,,,1572520389.9638412
1080,,,,,,,,1572520389.9669554
1081,,,,,,,,1572520389.9669678
1082,,,,,,,,1572520389.9669764
1083,,,,,,,,1572520389.9697967
1084,,,,,,,,1572520389.9698102
1085,,,,,,,,1572520389.9698195
1086,,,,,,,,1572520389.9729602
1087,,,,,,,,1572520389.9729736
1088,,,,,,,,1572520389.972983
1089,,,,,,,,1572520389.9761636
1090,,,,,,,,1572520389.9761765
1091,,,,,,,,1572520389.9761856
1092,,,,,,,,1572520389.9794974
1093,,,,,,,,1572520389.9795098
1094,,,,,,,,1572520389.979519
1095,,,,,,,,1572520389.9824688
1096,,,,,,,,1572520389.9824815
1097,,,,,,,,1572520389.9824903
1098,,,,,,,,1572520389.9856048
1099,,,,,,,,1572520389.9856176
1100,,,,,,,,1572520389.9856265
1101,,,,,,,,1572520389.9888835
1102,,,,,,,,1572520389.9888968
1103,,,,,,,,1572520389.9889061
1104,,,,,,,,1572520389.9921794
1105,,,,,,,,1572520389.9921927
1106,,,,,,,,1572520389.9922016
1107,,,,,,,,1572520389.9954538
1108,,,,,,,,1572520389.995466
1109,,,,,,,,1572520389.995475
1110,,,,,,,,1572520389.9988017
1111,,,,,,,,1572520389.9988148
1112,,,,,,,,1572520389.9988236
1113,,,,,,,,1572520390.002197
1114,,,,,,,,1572520390.0022101
1115,,,,,,,,1572520390.0022185
1116,,,,,,,,1572520390.0054896
1117,,,,,,,,1572520390.0055025
1118,,,,,,,,1572520390.0055115
1119,,,,,,,,1572520390.0087404
1120,,,,,,,,1572520390.0087533
1121,,,,,,,,1572520390.00877
1122,,,,,,,,1572520390.0119858
1123,,,,,,,,1572520390.0119984
1124,,,,,,,,1572520390.0120075
1125,,,,,,,,1572520390.0151649
1126,,,,,,,,1572520390.0151775
1127,,,,,,,,1572520390.0151873
1128,,,,,,,,1572520390.0183504
1129,,,,,,,,1572520390.0183642
1130,,,,,,,,1572520390.0183735
1131,,,,,,,,1572520390.0216591
1132,,,,,,,,1572520390.0216725
1133,,,,,,,,1572520390.0216815
1134,,,,,,,,1572520390.0252793
1135,,,,,,,,1572520390.025292
1136,,,,,,,,1572520390.0253012
1137,,,,,,,,1572520390.0286062
1138,,,,,,,,1572520390.0286195
1139,,,,,,,,1572520390.028628
1140,,,,,,,,1572520390.0318942
1141,,,,,,,,1572520390.0319068
1142,,,,,,,,1572520390.0319164
1143,,,,,,,,1572520390.035288
1144,,,,,,,,1572520390.0353
1145,,,,,,,,1572520390.0353096
1146,,,,,,,,1572520390.0387866
1147,,,,,,,,1572520390.0387993
1148,,,,,,,,1572520390.0388079
1149,,,,,,,,1572520390.0416694
1150,,,,,,,,1572520390.0416825
1151,,,,,,,,1572520390.0416915
1152,,,,,,,,1572520390.0448098
1153,,,,,,,,1572520390.0448225
1154,,,,,,,,1572520390.0448315
1155,,,,,,,,1572520390.0478244
1156,,,,,,,,1572520390.0478373
1157,,,,,,,,1572520390.0478463
1158,,,,,,,,1572520390.0510945
1159,,,,,,,,1572520390.0511072
1160,,,,,,,,1572520390.0511165
1161,,,,,,,,1572520390.054097
1162,,,,,,,,1572520390.05411
1163,,,,,,,,1572520390.0541193
1164,,,,,,,,1572520390.0572326
1165,,,,,,,,1572520390.0572462
1166,,,,,,,,1572520390.0572557
1167,,,,,,,,1572520390.0603333
1168,,,,,,,,1572520390.0603466
1169,,,,,,,,1572520390.0603557
1170,,,,,,,,1572520390.063625
1171,,,,,,,,1572520390.0636377
1172,,,,,,,,1572520390.063647
1173,,,,,,,,1572520390.0668879
1174,,,,,,,,1572520390.0669012
1175,,,,,,,,1572520390.0669105
1176,,,,,,,,1572520390.0699077
1177,,,,,,,,1572520390.0699205
1178,,,,,,,,1572520390.0699303
1179,,,,,,,,1572520390.073214
1180,,,,,,,,1572520390.0732281
1181,,,,,,,,1572520390.0732377
1182,,,,,,,,1572520390.076495
1183,,,,,,,,1572520390.0765085
1184,,,,,,,,1572520390.0765173
1185,,,,,,,,1572520390.0796764
1186,,,,,,,,1572520390.0796895
1187,,,,,,,,1572520390.0796983
1188,,,,,,,,1572520390.0829632
1189,,,,,,,,1572520390.0829768
1190,,,,,,,,1572520390.0829868
1191,,,,,,,,1572520390.0858996
1192,,,,,,,,1572520390.085913
1193,,,,,,,,1572520390.085922
1194,,,,,,,,1572520390.0891504
1195,,,,,,,,1572520390.0891638
1196,,,,,,,,1572520390.0891736
1197,,,,,,,,1572520390.0923967
1198,,,,,,,,1572520390.0924094
1199,,,,,,,,1572520390.0924187
1200,,,,,,,,1572520390.0955582
1201,,,,,,,,1572520390.095572
1202,,,,,,,,1572520390.0955813
1203,,,,,,,,1572520390.0988185
1204,,,,,,,,1572520390.098832
1205,,,,,,,,1572520390.0988412
1206,,,,,,,,1572520390.1019566
1207,,,,,,,,1572520390.1019697
1208,,,,,,,,1572520390.1019795
1209,,,,,,,,1572520390.1050177
1210,,,,,,,,1572520390.1050303
1211,,,,,,,,1572520390.1050398
1212,,,,,,,,1572520390.1080446
1213,,,,,,,,1572520390.108057
1214,,,,,,,,1572520390.108066
1215,,,,,,,,1572520390.1107702
1216,,,,,,,,1572520390.1107829
1217,,,,,,,,1572520390.1107922
1218,,,,,,,,1572520390.1137931
1219,,,,,,,,1572520390.113806
1220,,,,,,,,1572520390.1138155
1221,,,,,,,,1572520390.1169689
1222,,,,,,,,1572520390.116982
1223,,,,,,,,1572520390.1169915
1224,,,,,,,,1572520390.1202137
1225,,,,,,,,1572520390.1202269
1226,,,,,,,,1572520390.1202364
1227,,,,,,,,1572520390.1235764
1228,,,,,,,,1572520390.1235888
1229,,,,,,,,1572520390.123598
1230,,,,,,,,1572520390.1268551
1231,,,,,,,,1572520390.1268687
1232,,,,,,,,1572520390.1268778
1233,,,,,,,,1572520390.1300561
1234,,,,,,,,1572520390.1300707
1235,,,,,,,,1572520390.130081
1236,,,,,,,,1572520390.133231
1237,,,,,,,,1572520390.1332448
1238,,,,,,,,1572520390.1332543
1239,,,,,,,,1572520390.1364903
1240,,,,,,,,1572520390.1365027
1241,,,,,,,,1572520390.1365118
1242,,,,,,,,1572520390.1397996
1243,,,,,,,,1572520390.139813
1244,,,,,,,,1572520390.1398218
1245,,,,,,,,1572520390.1429672
1246,,,,,,,,1572520390.1429806
1247,,,,,,,,1572520390.14299
1248,,,,,,,,1572520390.1460454
1249,,,,,,,,1572520390.1460583
1250,,,,,,,,1572520390.146067
1251,,,,,,,,1572520390.1492507
1252,,,,,,,,1572520390.1492636
1253,,,,,,,,1572520390.1492717
1254,,,,,,,,1572520390.152299
1255,,,,,,,,1572520390.1523125
1256,,,,,,,,1572520390.152322
1257,,,,,,,,1572520390.1555936
1258,,,,,,,,1572520390.1556067
1259,,,,,,,,1572520390.1556165
1260,,,,,,,,1572520390.1586792
1261,,,,,,,,1572520390.1586926
1262,,,,,,,,1572520390.1587017
1263,,,,,,,,1572520390.1618006
1264,,,,,,,,1572520390.1618142
1265,,,,,,,,1572520390.1618233
1266,,,,,,,,1572520390.1648893
1267,,,,,,,,1572520390.1649022
1268,,,,,,,,1572520390.1649177
1269,,,,,,,,1572520390.168167
1270,,,,,,,,1572520390.1681807
1271,,,,,,,,1572520390.1681898
1272,,,,,,,,1572520390.1712337
1273,,,,,,,,1572520390.1712468
1274,,,,,,,,1572520390.1712554
1275,,,,,,,,1572520390.1745102
1276,,,,,,,,1572520390.1745234
1277,,,,,,,,1572520390.1745572
1278,,,,,,,,1572520390.1776035
1279,,,,,,,,1572520390.177617
1280,,,,,,,,1572520390.177626
1281,,,,,,,,1572520390.1807783
1282,,,,,,,,1572520390.1807916
1283,,,,,,,,1572520390.1808007
1284,,,,,,,,1572520390.183854
1285,,,,,,,,1572520390.1838672
1286,,,,,,,,1572520390.1838758
1287,,,,,,,,1572520390.1870925
1288,,,,,,,,1572520390.1871054
1289,,,,,,,,1572520390.1871145
1290,,,,,,,,1572520390.1903906
1291,,,,,,,,1572520390.190403
1292,,,,,,,,1572520390.1904116
1293,,,,,,,,1572520390.1934617
1294,,,,,,,,1572520390.193474
1295,,,,,,,,1572520390.1934836
1296,,,,,,,,1572520390.196372
1297,,,,,,,,1572520390.1963842
1298,,,,,,,,1572520390.1963933
1299,,,,,,,,1572520390.1993744
1300,,,,,,,,1572520390.199387
1301,,,,,,,,1572520390.1993964
1302,,,,,,,,1572520390.2023861
1303,,,,,,,,1572520390.2023995
1304,,,,,,,,1572520390.2024086
1305,,,,,,,,1572520390.2049916
1306,,,,,,,,1572520390.2050037
1307,,,,,,,,1572520390.2050123
1308,,,,,,,,1572520390.2080479
1309,,,,,,,,1572520390.2080615
1310,,,,,,,,1572520390.2080708
1311,,,,,,,,1572520390.211234
1312,,,,,,,,1572520390.2112467
1313,,,,,,,,1572520390.211256
1314,,,,,,,,1572520390.2143168
1315,,,,,,,,1572520390.2143304
1316,,,,,,,,1572520390.2143393
1317,,,,,,,,1572520390.2177215
1318,,,,,,,,1572520390.2177348
1319,,,,,,,,1572520390.2177439
1320,,,,,,,,1572520390.2208552
1321,,,,,,,,1572520390.2208683
1322,,,,,,,,1572520390.2208774
1323,,,,,,,,1572520390.2241516
1324,,,,,,,,1572520390.2241638
1325,,,,,,,,1572520390.2241724
1326,,,,,,,,1572520390.2272115
1327,,,,,,,,1572520390.2272239
1328,,,,,,,,1572520390.2272332
1329,,,,,,,,1572520390.2303042
1330,,,,,,,,1572520390.230317
1331,,,,,,,,1572520390.230326
1332,,,,,,,,1572520390.2333202
1333,,,,,,,,1572520390.2333324
1334,,,,,,,,1572520390.233342
1335,,,,,,,,1572520390.2363176
1336,,,,,,,,1572520390.2363307
1337,,,,,,,,1572520390.2363403
1338,,,,,,,,1572520390.2395325
1339,,,,,,,,1572520390.2395456
1340,,,,,,,,1572520390.2395554
1341,,,,,,,,1572520390.2428284
1342,,,,,,,,1572520390.242841
1343,,,,,,,,1572520390.2428505
1344,,,,,,,,1572520390.2460766
1345,,,,,,,,1572520390.246089
1346,,,,,,,,1572520390.2460976
1347,,,,,,,,1572520390.2490566
1348,,,,,,,,1572520390.2490692
1349,,,,,,,,1572520390.2490783
1350,,,,,,,,1572520390.2522407
1351,,,,,,,,1572520390.2522533
1352,,,,,,,,1572520390.2522619
1353,,,,,,,,1572520390.2553875
1354,,,,,,,,1572520390.255401
1355,,,,,,,,1572520390.2554111
1356,,,,,,,,1572520390.2587085
1357,,,,,,,,1572520390.2587216
1358,,,,,,,,1572520390.2587311
1359,,,,,,,,1572520390.2620301
1360,,,,,,,,1572520390.2620435
1361,,,,,,,,1572520390.2620528
1362,,,,,,,,1572520390.2654135
1363,,,,,,,,1572520390.2654274
1364,,,,,,,,1572520390.2654374
1365,,,,,,,,1572520390.2689848
1366,,,,,,,,1572520390.2689986
1367,,,,,,,,1572520390.2690082
1368,,,,,,,,1572520390.2723386
1369,,,,,,,,1572520390.272352
1370,,,,,,,,1572520390.2723613
1371,,,,,,,,1572520390.2756886
1372,,,,,,,,1572520390.2757018
1373,,,,,,,,1572520390.2757118
1374,,,,,,,,1572520390.2790797
1375,,,,,,,,1572520390.2790928
1376,,,,,,,,1572520390.2791016
1377,,,,,,,,1572520390.2823002
1378,,,,,,,,1572520390.2823126
1379,,,,,,,,1572520390.2823215
1380,,,,,,,,1572520390.2854693
1381,,,,,,,,1572520390.2854826
1382,,,,,,,,1572520390.2854917
1383,,,,,,,,1572520390.2887578
1384,,,,,,,,1572520390.288771
1385,,,,,,,,1572520390.2887797
1386,,,,,,,,1572520390.2921696
1387,,,,,,,,1572520390.2921827
1388,,,,,,,,1572520390.292192
1389,,,,,,,,1572520390.2957258
1390,,,,,,,,1572520390.2957392
1391,,,,,,,,1572520390.2957487
1392,,,,,,,,1572520390.2990968
1393,,,,,,,,1572520390.2991118
1394,,,,,,,,1572520390.2991211
1395,,,,,,,,1572520390.3025522
1396,,,,,,,,1572520390.3025672
1397,,,,,,,,1572520390.302576
1398,,,,,,,,1572520390.305742
1399,,,,,,,,1572520390.305755
1400,,,,,,,,1572520390.3057644
1401,,,,,,,,1572520390.309302
1402,,,,,,,,1572520390.3093154
1403,,,,,,,,1572520390.3093252
1404,,,,,,,,1572520390.312442
1405,,,,,,,,1572520390.3124561
1406,,,,,,,,1572520390.3124654
1407,,,,,,,,1572520390.315809
1408,,,,,,,,1572520390.3158228
1409,,,,,,,,1572520390.3158321
1410,,,,,,,,1572520390.3189054
1411,,,,,,,,1572520390.3189185
1412,,,,,,,,1572520390.3189275
1413,,,,,,,,1572520390.3218799
1414,,,,,,,,1572520390.3218932
1415,,,,,,,,1572520390.321902
1416,,,,,,,,1572520390.325142
1417,,,,,,,,1572520390.3251557
1418,,,,,,,,1572520390.3251655
1419,,,,,,,,1572520390.3282592
1420,,,,,,,,1572520390.328273
1421,,,,,,,,1572520390.3282824
1422,,,,,,,,1572520390.3314242
1423,,,,,,,,1572520390.3314378
1424,,,,,,,,1572520390.3314471
1425,,,,,,,,1572520390.3347335
1426,,,,,,,,1572520390.334746
1427,,,,,,,,1572520390.3347554
1428,,,,,,,,1572520390.3381307
1429,,,,,,,,1572520390.3381436
1430,,,,,,,,1572520390.338152
1431,,,,,,,,1572520390.341602
1432,,,,,,,,1572520390.341615
1433,,,,,,,,1572520390.3416314
1434,,,,,,,,1572520390.3448896
1435,,,,,,,,1572520390.3449035
1436,,,,,,,,1572520390.3449132
1437,,,,,,,,1572520390.3481696
1438,,,,,,,,1572520390.3481824
1439,,,,,,,,1572520390.348192
1440,,,,,,,,1572520390.3514838
1441,,,,,,,,1572520390.351497
1442,,,,,,,,1572520390.351506
1443,,,,,,,,1572520390.3546774
1444,,,,,,,,1572520390.35469
1445,,,,,,,,1572520390.3546996
1446,,,,,,,,1572520390.3579054
1447,,,,,,,,1572520390.357918
1448,,,,,,,,1572520390.357927
1449,,,,,,,,1572520390.3612843
1450,,,,,,,,1572520390.3612976
1451,,,,,,,,1572520390.3613067
1452,,,,,,,,1572520390.3644218
1453,,,,,,,,1572520390.3644347
1454,,,,,,,,1572520390.364443
1455,,,,,,,,1572520390.3676999
1456,,,,,,,,1572520390.367713
1457,,,,,,,,1572520390.3677225
1458,,,,,,,,1572520390.3714442
1459,,,,,,,,1572520390.3714569
1460,,,,,,,,1572520390.3714657
1461,,,,,,,,1572520390.374978
1462,,,,,,,,1572520390.3749914
1463,,,,,,,,1572520390.3750007
1464,,,,,,,,1572520390.3781662
1465,,,,,,,,1572520390.37818
1466,,,,,,,,1572520390.3781893
1467,,,,,,,,1572520390.3813877
1468,,,,,,,,1572520390.3814018
1469,,,,,,,,1572520390.381411
1470,,,,,,,,1572520390.3843129
1471,,,,,,,,1572520390.3843253
1472,,,,,,,,1572520390.384334
1473,,,,,,,,1572520390.387448
1474,,,,,,,,1572520390.3874607
1475,,,,,,,,1572520390.3874693
1476,,,,,,,,1572520390.3906512
1477,,,,,,,,1572520390.3906648
1478,,,,,,,,1572520390.390674
1479,,,,,,,,1572520390.3937788
1480,,,,,,,,1572520390.3937912
1481,,,,,,,,1572520390.3938003
1482,,,,,,,,1572520390.3971071
1483,,,,,,,,1572520390.3971198
1484,,,,,,,,1572520390.397129
1485,,,,,,,,1572520390.4004068
1486,,,,,,,,1572520390.4004188
1487,,,,,,,,1572520390.4004278
1488,,,,,,,,1572520390.4036806
1489,,,,,,,,1572520390.4036942
1490,,,,,,,,1572520390.4037035
1491,,,,,,,,1572520390.406588
1492,,,,,,,,1572520390.4066
1493,,,,,,,,1572520390.4066088
1494,,,,,,,,1572520390.4096363
1495,,,,,,,,1572520390.4096484
1496,,,,,,,,1572520390.4096577
1497,,,,,,,,1572520390.4114954
1498,,,,,,,,1572520390.4115071
1499,,,,,,,,1572520390.4115164
1500,,,,,,,,1572520390.4145622
1501,,,,,,,,1572520390.414576
1502,,,,,,,,1572520390.414585
1503,,,,,,,,1572520390.4176202
1504,,,,,,,,1572520390.4176335
1505,,,,,,,,1572520390.4176426
1506,,,,,,,,1572520390.4208128
1507,,,,,,,,1572520390.4208262
1508,,,,,,,,1572520390.4208355
1509,,,,,,,,1572520390.4239438
1510,,,,,,,,1572520390.4239566
1511,,,,,,,,1572520390.4239666
1512,,,,,,,,1572520390.4271631
1513,,,,,,,,1572520390.427177
1514,,,,,,,,1572520390.4271863
1515,,,,,,,,1572520390.4303768
1516,,,,,,,,1572520390.4303892
1517,,,,,,,,1572520390.430398
1518,,,,,,,,1572520390.4336069
1519,,,,,,,,1572520390.433619
1520,,,,,,,,1572520390.4336276
1521,,,,,,,,1572520390.4367301
1522,,,,,,,,1572520390.4367435
1523,,,,,,,,1572520390.4367528
1524,,,,,,,,1572520390.4397638
1525,,,,,,,,1572520390.4397771
1526,,,,,,,,1572520390.4397862
1527,,,,,,,,1572520390.4427955
1528,,,,,,,,1572520390.442809
1529,,,,,,,,1572520390.4428182
1530,,,,,,,,1572520390.4457512
1531,,,,,,,,1572520390.4457636
1532,,,,,,,,1572520390.4457731
1533,,,,,,,,1572520390.4488404
1534,,,,,,,,1572520390.4488544
1535,,,,,,,,1572520390.4488637
1536,,,,,,,,1572520390.4520411
1537,,,,,,,,1572520390.4520533
1538,,,,,,,,1572520390.452061
1539,,,,,,,,1572520390.4552634
1540,,,,,,,,1572520390.4552765
1541,,,,,,,,1572520390.4552858
1542,,,,,,,,1572520390.458295
1543,,,,,,,,1572520390.4583075
1544,,,,,,,,1572520390.4583168
1545,,,,,,,,1572520390.4613016
1546,,,,,,,,1572520390.461315
1547,,,,,,,,1572520390.4613237
1548,,,,,,,,1572520390.4643888
1549,,,,,,,,1572520390.4644017
1550,,,,,,,,1572520390.4644105
1551,,,,,,,,1572520390.4675486
1552,,,,,,,,1572520390.4675615
1553,,,,,,,,1572520390.467571
1554,,,,,,,,1572520390.4704826
1555,,,,,,,,1572520390.4704962
1556,,,,,,,,1572520390.470505
1557,,,,,,,,1572520390.4736156
1558,,,,,,,,1572520390.473629
1559,,,,,,,,1572520390.473638
1560,,,,,,,,1572520390.4768035
1561,,,,,,,,1572520390.4768164
1562,,,,,,,,1572520390.476825
1563,,,,,,,,1572520390.4800003
1564,,,,,,,,1572520390.4800131
1565,,,,,,,,1572520390.4800215
1566,,,,,,,,1572520390.4832356
1567,,,,,,,,1572520390.4832475
1568,,,,,,,,1572520390.4832559
1569,,,,,,,,1572520390.4862041
1570,,,,,,,,1572520390.4862165
1571,,,,,,,,1572520390.4862254
1572,,,,,,,,1572520390.4893615
1573,,,,,,,,1572520390.4893737
1574,,,,,,,,1572520390.4893825
1575,,,,,,,,1572520390.4923282
1576,,,,,,,,1572520390.4923408
1577,,,,,,,,1572520390.4923491
1578,,,,,,,,1572520390.4953659
1579,,,,,,,,1572520390.495378
1580,,,,,,,,1572520390.4953866
1581,,,,,,,,1572520390.4986196
1582,,,,,,,,1572520390.498633
1583,,,,,,,,1572520390.4986417
1584,,,,,,,,1572520390.501653
1585,,,,,,,,1572520390.5016658
1586,,,,,,,,1572520390.501674
1587,,,,,,,,1572520390.5048008
1588,,,,,,,,1572520390.504813
1589,,,,,,,,1572520390.504822
1590,,,,,,,,1572520390.5079324
1591,,,,,,,,1572520390.5079448
1592,,,,,,,,1572520390.507954
1593,,,,,,,,1572520390.5111494
1594,,,,,,,,1572520390.511161
1595,,,,,,,,1572520390.5111687
1596,,,,,,,,1572520390.5142953
1597,,,,,,,,1572520390.5143065
1598,,,,,,,,1572520390.5143142
1599,,,,,,,,1572520390.5173953
1600,,,,,,,,1572520390.5174084
1601,,,,,,,,1572520390.5174167
1602,,,,,,,,1572520390.5207388
1603,,,,,,,,1572520390.5207515
1604,,,,,,,,1572520390.5207593
1605,,,,,,,,1572520390.523873
1606,,,,,,,,1572520390.5238857
1607,,,,,,,,1572520390.5238945
1608,,,,,,,,1572520390.5271263
1609,,,,,,,,1572520390.5271394
1610,,,,,,,,1572520390.527148
1611,,,,,,,,1572520390.5302749
1612,,,,,,,,1572520390.5302875
1613,,,,,,,,1572520390.5302968
1614,,,,,,,,1572520390.5334194
1615,,,,,,,,1572520390.5334322
1616,,,,,,,,1572520390.5334413
1617,,,,,,,,1572520390.5365267
1618,,,,,,,,1572520390.5365398
1619,,,,,,,,1572520390.5365565
1620,,,,,,,,1572520390.5396311
1621,,,,,,,,1572520390.5396438
1622,,,,,,,,1572520390.5396523
1623,,,,,,,,1572520390.5426457
1624,,,,,,,,1572520390.5426579
1625,,,,,,,,1572520390.542667
1626,,,,,,,,1572520390.545738
1627,,,,,,,,1572520390.5457504
1628,,,,,,,,1572520390.5457587
1629,,,,,,,,1572520390.5488813
1630,,,,,,,,1572520390.5488942
1631,,,,,,,,1572520390.5489037
1632,,,,,,,,1572520390.5520103
1633,,,,,,,,1572520390.5520227
1634,,,,,,,,1572520390.5520315
1635,,,,,,,,1572520390.5548596
1636,,,,,,,,1572520390.5548723
1637,,,,,,,,1572520390.554882
1638,,,,,,,,1572520390.5578825
1639,,,,,,,,1572520390.5578954
1640,,,,,,,,1572520390.5579047
1641,,,,,,,,1572520390.5609472
1642,,,,,,,,1572520390.5609603
1643,,,,,,,,1572520390.5609684
1644,,,,,,,,1572520390.5640724
1645,,,,,,,,1572520390.564085
1646,,,,,,,,1572520390.564094
1647,,,,,,,,1572520390.567072
1648,,,,,,,,1572520390.5670846
1649,,,,,,,,1572520390.5670936
1650,,,,,,,,1572520390.5701392
1651,,,,,,,,1572520390.570152
1652,,,,,,,,1572520390.5701606
1653,,,,,,,,1572520390.573195
1654,,,,,,,,1572520390.5732071
1655,,,,,,,,1572520390.5732157
1656,,,,,,,,1572520390.5763342
1657,,,,,,,,1572520390.5763469
1658,,,,,,,,1572520390.5763557
1659,,,,,,,,1572520390.5793195
1660,,,,,,,,1572520390.579332
1661,,,,,,,,1572520390.5793414
1662,,,,,,,,1572520390.5822015
1663,,,,,,,,1572520390.5822136
1664,,,,,,,,1572520390.5822227
1665,,,,,,,,1572520390.5853517
1666,,,,,,,,1572520390.5853648
1667,,,,,,,,1572520390.5853732
1668,,,,,,,,1572520390.5882952
1669,,,,,,,,1572520390.5883086
1670,,,,,,,,1572520390.5883174
1671,,,,,,,,1572520390.5914347
1672,,,,,,,,1572520390.5914476
1673,,,,,,,,1572520390.5914567
1674,,,,,,,,1572520390.5944524
1675,,,,,,,,1572520390.594465
1676,,,,,,,,1572520390.5944738
1677,,,,,,,,1572520390.5974648
1678,,,,,,,,1572520390.5974784
1679,,,,,,,,1572520390.5974874
1680,,,,,,,,1572520390.6003249
1681,,,,,,,,1572520390.6003382
1682,,,,,,,,1572520390.6003468
1683,,,,,,,,1572520390.6034806
1684,,,,,,,,1572520390.6034932
1685,,,,,,,,1572520390.603501
1686,,,,,,,,1572520390.6066928
1687,,,,,,,,1572520390.6067061
1688,,,,,,,,1572520390.6067154
1689,,,,,,,,1572520390.6098068
1690,,,,,,,,1572520390.6098197
1691,,,,,,,,1572520390.6098292
1692,,,,,,,,1572520390.6128447
1693,,,,,,,,1572520390.6128573
1694,,,,,,,,1572520390.6128662
1695,,,,,,,,1572520390.6159265
1696,,,,,,,,1572520390.6159396
1697,,,,,,,,1572520390.6159484
1698,,,,,,,,1572520390.6189585
1699,,,,,,,,1572520390.6189709
1700,,,,,,,,1572520390.6189802
1701,,,,,,,,1572520390.6218932
1702,,,,,,,,1572520390.6219058
1703,,,,,,,,1572520390.621915
1704,,,,,,,,1572520390.625163
1705,,,,,,,,1572520390.6251764
1706,,,,,,,,1572520390.625185
1707,,,,,,,,1572520390.6281002
1708,,,,,,,,1572520390.6281142
1709,,,,,,,,1572520390.6281228
1710,,,,,,,,1572520390.6310244
1711,,,,,,,,1572520390.6310372
1712,,,,,,,,1572520390.631046
1713,,,,,,,,1572520390.6337245
1714,,,,,,,,1572520390.6337376
1715,,,,,,,,1572520390.6337464
1716,,,,,,,,1572520390.6370113
1717,,,,,,,,1572520390.6370234
1718,,,,,,,,1572520390.6370327
1719,,,,,,,,1572520390.6403284
1720,,,,,,,,1572520390.6403415
1721,,,,,,,,1572520390.6403513
1722,,,,,,,,1572520390.643522
1723,,,,,,,,1572520390.6435344
1724,,,,,,,,1572520390.643543
1725,,,,,,,,1572520390.6466858
1726,,,,,,,,1572520390.6466985
1727,,,,,,,,1572520390.6467078
1728,,,,,,,,1572520390.6499813
1729,,,,,,,,1572520390.6499937
1730,,,,,,,,1572520390.6500027
1731,,,,,,,,1572520390.652957
1732,,,,,,,,1572520390.6529694
1733,,,,,,,,1572520390.6529782
1734,,,,,,,,1572520390.6561399
1735,,,,,,,,1572520390.656152
1736,,,,,,,,1572520390.6561608
1737,,,,,,,,1572520390.659371
1738,,,,,,,,1572520390.6593843
1739,,,,,,,,1572520390.6593933
1740,,,,,,,,1572520390.6624799
1741,,,,,,,,1572520390.6624937
1742,,,,,,,,1572520390.6625023
1743,,,,,,,,1572520390.665617
1744,,,,,,,,1572520390.6656296
1745,,,,,,,,1572520390.6656384
1746,,,,,,,,1572520390.6688325
1747,,,,,,,,1572520390.6688457
1748,,,,,,,,1572520390.6688547
1749,,,,,,,,1572520390.6720514
1750,,,,,,,,1572520390.6720655
1751,,,,,,,,1572520390.672075
1752,,,,,,,,1572520390.6752448
1753,,,,,,,,1572520390.6752586
1754,,,,,,,,1572520390.6752682
1755,,,,,,,,1572520390.6781378
1756,,,,,,,,1572520390.6781504
1757,,,,,,,,1572520390.6781607
1758,,,,,,,,1572520390.6813307
1759,,,,,,,,1572520390.6813438
1760,,,,,,,,1572520390.6813526
1761,,,,,,,,1572520390.684269
1762,,,,,,,,1572520390.6842816
1763,,,,,,,,1572520390.6842904
1764,,,,,,,,1572520390.68759
1765,,,,,,,,1572520390.6876025
1766,,,,,,,,1572520390.687611
1767,,,,,,,,1572520390.6906774
1768,,,,,,,,1572520390.6906898
1769,,,,,,,,1572520390.690699
1770,,,,,,,,1572520390.6937494
1771,,,,,,,,1572520390.6937623
1772,,,,,,,,1572520390.6937718
1773,,,,,,,,1572520390.697154
1774,,,,,,,,1572520390.6971674
1775,,,,,,,,1572520390.6971767
1776,,,,,,,,1572520390.7001815
1777,,,,,,,,1572520390.7001944
1778,,,,,,,,1572520390.7002034
1779,,,,,,,,1572520390.7034502
1780,,,,,,,,1572520390.7034638
1781,,,,,,,,1572520390.703473
1782,,,,,,,,1572520390.7067013
1783,,,,,,,,1572520390.7067142
1784,,,,,,,,1572520390.7067237
1785,,,,,,,,1572520390.7102537
1786,,,,,,,,1572520390.7102673
1787,,,,,,,,1572520390.7102764
1788,,,,,,,,1572520390.7136533
1789,,,,,,,,1572520390.713666
1790,,,,,,,,1572520390.7136748
1791,,,,,,,,1572520390.7170455
1792,,,,,,,,1572520390.7170584
1793,,,,,,,,1572520390.717067
1794,,,,,,,,1572520390.7199233
1795,,,,,,,,1572520390.7199357
1796,,,,,,,,1572520390.719945
1797,,,,,,,,1572520390.7232313
1798,,,,,,,,1572520390.7232435
1799,,,,,,,,1572520390.723253
1800,,,,,,,,1572520390.7265236
1801,,,,,,,,1572520390.7265604
1802,,,,,,,,1572520390.72657
1803,,,,,,,,1572520390.7299178
1804,,,,,,,,1572520390.72993
1805,,,,,,,,1572520390.7299395
1806,,,,,,,,1572520390.733193
1807,,,,,,,,1572520390.733206
1808,,,,,,,,1572520390.7332153
1809,,,,,,,,1572520390.7364218
1810,,,,,,,,1572520390.736435
1811,,,,,,,,1572520390.7364438
1812,,,,,,,,1572520390.7397313
1813,,,,,,,,1572520390.739743
1814,,,,,,,,1572520390.7397516
1815,,,,,,,,1572520390.7427776
1816,,,,,,,,1572520390.7427905
1817,,,,,,,,1572520390.7427998
1818,,,,,,,,1572520390.7459624
1819,,,,,,,,1572520390.7459757
1820,,,,,,,,1572520390.7459853
1821,,,,,,,,1572520390.749336
1822,,,,,,,,1572520390.7493484
1823,,,,,,,,1572520390.7493567
1824,,,,,,,,1572520390.7527578
1825,,,,,,,,1572520390.752771
1826,,,,,,,,1572520390.7527795
1827,,,,,,,,1572520390.7560031
1828,,,,,,,,1572520390.7560182
1829,,,,,,,,1572520390.7560277
1830,,,,,,,,1572520390.7593334
1831,,,,,,,,1572520390.7593465
1832,,,,,,,,1572520390.7593553
1833,,,,,,,,1572520390.7623599
1834,,,,,,,,1572520390.7623718
1835,,,,,,,,1572520390.762381
1836,,,,,,,,1572520390.765658
1837,,,,,,,,1572520390.765671
1838,,,,,,,,1572520390.7656803
1839,,,,,,,,1572520390.7687278
1840,,,,,,,,1572520390.7687407
1841,,,,,,,,1572520390.7687497
1842,,,,,,,,1572520390.7720647
1843,,,,,,,,1572520390.772078
1844,,,,,,,,1572520390.772087
1845,,,,,,,,1572520390.7753687
1846,,,,,,,,1572520390.775382
1847,,,,,,,,1572520390.7753916
1848,,,,,,,,1572520390.7787023
1849,,,,,,,,1572520390.7787147
1850,,,,,,,,1572520390.7787235
1851,,,,,,,,1572520390.7815232
1852,,,,,,,,1572520390.7815356
1853,,,,,,,,1572520390.7815447
1854,,,,,,,,1572520390.7847412
1855,,,,,,,,1572520390.7847536
1856,,,,,,,,1572520390.784763
1857,,,,,,,,1572520390.7879908
1858,,,,,,,,1572520390.7880025
1859,,,,,,,,1572520390.788011
1860,,,,,,,,1572520390.7911968
1861,,,,,,,,1572520390.79121
1862,,,,,,,,1572520390.7912197
1863,,,,,,,,1572520390.819497
1864,,,,,,,,1572520390.8195107
1865,,,,,,,,1572520390.8195205
1866,,,,,,,,1572520390.822742
1867,,,,,,,,1572520390.8227556
1868,,,,,,,,1572520390.8227656
1869,,,,,,,,1572520390.8258474
1870,,,,,,,,1572520390.8258603
1871,,,,,,,,1572520390.8258693
1872,,,,,,,,1572520390.8292623
1873,,,,,,,,1572520390.8292758
1874,,,,,,,,1572520390.8292854
1875,,,,,,,,1572520390.832503
1876,,,,,,,,1572520390.8325162
1877,,,,,,,,1572520390.8325255
1878,,,,,,,,1572520390.8358479
1879,,,,,,,,1572520390.8358612
1880,,,,,,,,1572520390.8358703
1881,,,,,,,,1572520390.838947
1882,,,,,,,,1572520390.8389604
1883,,,,,,,,1572520390.8389697
1884,,,,,,,,1572520390.8422842
1885,,,,,,,,1572520390.842297
1886,,,,,,,,1572520390.8423054
1887,,,,,,,,1572520390.8456123
1888,,,,,,,,1572520390.8456252
1889,,,,,,,,1572520390.8456342
1890,,,,,,,,1572520390.848941
1891,,,,,,,,1572520390.848955
1892,,,,,,,,1572520390.8489642
1893,,,,,,,,1572520390.852226
1894,,,,,,,,1572520390.8522391
1895,,,,,,,,1572520390.852248
1896,,,,,,,,1572520390.8555872
1897,,,,,,,,1572520390.855601
1898,,,,,,,,1572520390.85561
1899,,,,,,,,1572520390.8589401
1900,,,,,,,,1572520390.8589525
1901,,,,,,,,1572520390.8589616
1902,,,,,,,,1572520390.8622217
1903,,,,,,,,1572520390.8622367
1904,,,,,,,,1572520390.862245
1905,,,,,,,,1572520390.8656657
1906,,,,,,,,1572520390.86568
1907,,,,,,,,1572520390.8656878
1908,,,,,,,,1572520390.869031
1909,,,,,,,,1572520390.869045
1910,,,,,,,,1572520390.8690543
1911,,,,,,,,1572520390.872444
1912,,,,,,,,1572520390.8724575
1913,,,,,,,,1572520390.872467
1914,,,,,,,,1572520390.8757658
1915,,,,,,,,1572520390.8757796
1916,,,,,,,,1572520390.8757894
1917,,,,,,,,1572520390.8791277
1918,,,,,,,,1572520390.8791413
1919,,,,,,,,1572520390.8791509
1920,,,,,,,,1572520390.8824582
1921,,,,,,,,1572520390.8824713
1922,,,,,,,,1572520390.8824809
1923,,,,,,,,1572520390.8857417
1924,,,,,,,,1572520390.885756
1925,,,,,,,,1572520390.8857648
1926,,,,,,,,1572520390.8889894
1927,,,,,,,,1572520390.8890028
1928,,,,,,,,1572520390.8890126
1929,,,,,,,,1572520390.892045
1930,,,,,,,,1572520390.8920577
1931,,,,,,,,1572520390.8920665
1932,,,,,,,,1572520390.8949702
1933,,,,,,,,1572520390.8949828
1934,,,,,,,,1572520390.8949919
1935,,,,,,,,1572520390.8980753
1936,,,,,,,,1572520390.898089
1937,,,,,,,,1572520390.8980982
1938,,,,,,,,1572520390.901346
1939,,,,,,,,1572520390.9013596
1940,,,,,,,,1572520390.9013684
1941,,,,,,,,1572520390.9046907
1942,,,,,,,,1572520390.9047043
1943,,,,,,,,1572520390.9047134
1944,,,,,,,,1572520390.908024
1945,,,,,,,,1572520390.9080367
1946,,,,,,,,1572520390.9080453
1947,,,,,,,,1572520390.9111638
1948,,,,,,,,1572520390.9111762
1949,,,,,,,,1572520390.9111855
1950,,,,,,,,1572520390.9141316
1951,,,,,,,,1572520390.9141445
1952,,,,,,,,1572520390.9141545
1953,,,,,,,,1572520390.9174604
1954,,,,,,,,1572520390.917474
1955,,,,,,,,1572520390.917483
1956,,,,,,,,1572520390.9207625
1957,,,,,,,,1572520390.920776
1958,,,,,,,,1572520390.920785
1959,,,,,,,,1572520390.924118
1960,,,,,,,,1572520390.9241319
1961,,,,,,,,1572520390.9241416
1962,,,,,,,,1572520390.9273157
1963,,,,,,,,1572520390.9273283
1964,,,,,,,,1572520390.9273372
1965,,,,,,,,1572520390.9306378
1966,,,,,,,,1572520390.9306514
1967,,,,,,,,1572520390.9306607
1968,,,,,,,,1572520390.9339783
1969,,,,,,,,1572520390.9339912
1970,,,,,,,,1572520390.934
1971,,,,,,,,1572520390.937367
1972,,,,,,,,1572520390.9373803
1973,,,,,,,,1572520390.93739
1974,,,,,,,,1572520390.9405732
1975,,,,,,,,1572520390.9405868
1976,,,,,,,,1572520390.9405963
1977,,,,,,,,1572520390.9437842
1978,,,,,,,,1572520390.9437976
1979,,,,,,,,1572520390.943807
1980,,,,,,,,1572520390.9471128
1981,,,,,,,,1572520390.9471247
1982,,,,,,,,1572520390.9471335
1983,,,,,,,,1572520390.950383
1984,,,,,,,,1572520390.950396
1985,,,,,,,,1572520390.9504056
1986,,,,,,,,1572520390.9536335
1987,,,,,,,,1572520390.9536462
1988,,,,,,,,1572520390.953655
1989,,,,,,,,1572520390.956837
1990,,,,,,,,1572520390.9568508
1991,,,,,,,,1572520390.9568603
1992,,,,,,,,1572520390.9599812
1993,,,,,,,,1572520390.959994
1994,,,,,,,,1572520390.9600034
1995,,,,,,,,1572520390.9634335
1996,,,,,,,,1572520390.963448
1997,,,,,,,,1572520390.9634578
1998,,,,,,,,1572520390.967033
1999,,,,,,,,1572520390.967047
2000,,,,,,,,1572520390.9670563
2001,,,,,,,,1572520390.9705994
2002,,,,,,,,1572520390.970613
2003,,,,,,,,1572520390.9706213
2004,,,,,,,,1572520390.9738169
2005,,,,,,,,1572520390.9738307
2006,,,,,,,,1572520390.9738395
2007,,,,,,,,1572520390.9770715
2008,,,,,,,,1572520390.9770868
2009,,,,,,,,1572520390.977096
2010,,,,,,,,1572520390.9807162
2011,,,,,,,,1572520390.9807305
2012,,,,,,,,1572520390.9807396
2013,,,,,,,,1572520390.984052
2014,,,,,,,,1572520390.984065
2015,,,,,,,,1572520390.9840744
2016,,,,,,,,1572520390.9871993
2017,,,,,,,,1572520390.9872122
2018,,,,,,,,1572520390.9872212
2019,,,,,,,,1572520390.9900482
2020,,,,,,,,1572520390.9900596
2021,,,,,,,,1572520390.990068
2022,,,,,,,,1572520390.9930904
2023,,,,,,,,1572520390.9931016
2024,,,,,,,,1572520390.99311
2025,,,,,,,,1572520390.9961755
2026,,,,,,,,1572520390.9961872
2027,,,,,,,,1572520390.996196
2028,,,,,,,,1572520390.999257
2029,,,,,,,,1572520390.9992683
2030,,,,,,,,1572520390.9992774
2031,,,,,,,,1572520391.0023475
2032,,,,,,,,1572520391.0023599
2033,,,,,,,,1572520391.002369
2034,,,,,,,,1572520391.0054321
2035,,,,,,,,1572520391.0054436
2036,,,,,,,,1572520391.0054526
2037,,,,,,,,1572520391.008479
2038,,,,,,,,1572520391.0084906
2039,,,,,,,,1572520391.008499
2040,,,,,,,,1572520391.0114613
2041,,,,,,,,1572520391.0114727
2042,,,,,,,,1572520391.0114813
2043,,,,,,,,1572520391.0144112
2044,,,,,,,,1572520391.0144234
2045,,,,,,,,1572520391.014432
2046,,,,,,,,1572520391.0177329
2047,,,,,,,,1572520391.0177448
2048,,,,,,,,1572520391.0177538
2049,,,,,,,,1572520391.0209024
2050,,,,,,,,1572520391.0209134
2051,,,,,,,,1572520391.0209227
2052,,,,,,,,1572520391.0243244
2053,,,,,,,,1572520391.0243385
2054,,,,,,,,1572520391.0243473
2055,,,,,,,,1572520391.0277867
2056,,,,,,,,1572520391.0277991
2057,,,,,,,,1572520391.027808
2058,,,,,,,,1572520391.0308485
2059,,,,,,,,1572520391.0308607
2060,,,,,,,,1572520391.0308695
2061,,,,,,,,1572520391.0339098
2062,,,,,,,,1572520391.033922
2063,,,,,,,,1572520391.0339324
2064,,,,,,,,1572520391.0369747
2065,,,,,,,,1572520391.036986
2066,,,,,,,,1572520391.036995
2067,,,,,,,,1572520391.040007
2068,,,,,,,,1572520391.040019
2069,,,,,,,,1572520391.0400274
2070,,,,,,,,1572520391.0426087
2071,,,,,,,,1572520391.0426202
2072,,,,,,,,1572520391.0426288
2073,,,,,,,,1572520391.0456507
2074,,,,,,,,1572520391.045662
2075,,,,,,,,1572520391.04567
2076,,,,,,,,1572520391.0485752
2077,,,,,,,,1572520391.0485873
2078,,,,,,,,1572520391.0485961
2079,,,,,,,,1572520391.0518756
2080,,,,,,,,1572520391.0518868
2081,,,,,,,,1572520391.0518951
2082,,,,,,,,1572520391.0548053
2083,,,,,,,,1572520391.054817
2084,,,,,,,,1572520391.0548258
2085,,,,,,,,1572520391.057637
2086,,,,,,,,1572520391.0576487
2087,,,,,,,,1572520391.057657
2088,,,,,,,,1572520391.0606508
2089,,,,,,,,1572520391.060663
2090,,,,,,,,1572520391.0606716
2091,,,,,,,,1572520391.063684
2092,,,,,,,,1572520391.063696
2093,,,,,,,,1572520391.0637043
2094,,,,,,,,1572520391.0666335
2095,,,,,,,,1572520391.066645
2096,,,,,,,,1572520391.0666533
2097,,,,,,,,1572520391.069666
2098,,,,,,,,1572520391.0696769
2099,,,,,,,,1572520391.0696855
2100,,,,,,,,1572520391.0725548
2101,,,,,,,,1572520391.0725663
2102,,,,,,,,1572520391.072575
2103,,,,,,,,1572520391.0755968
2104,,,,,,,,1572520391.0756097
2105,,,,,,,,1572520391.0756183
2106,,,,,,,,1572520391.0787032
2107,,,,,,,,1572520391.0787146
2108,,,,,,,,1572520391.0787237
2109,,,,,,,,1572520391.0817907
2110,,,,,,,,1572520391.0818017
2111,,,,,,,,1572520391.0818105
2112,,,,,,,,1572520391.0847898
2113,,,,,,,,1572520391.0848017
2114,,,,,,,,1572520391.0848107
2115,,,,,,,,1572520391.0877862
2116,,,,,,,,1572520391.087798
2117,,,,,,,,1572520391.0878067
2118,,,,,,,,1572520391.0908349
2119,,,,,,,,1572520391.0908468
2120,,,,,,,,1572520391.0908554
2121,,,,,,,,1572520391.0939555
2122,,,,,,,,1572520391.093968
2123,,,,,,,,1572520391.0939765
2124,,,,,,,,1572520391.0967913
2125,,,,,,,,1572520391.0968034
2126,,,,,,,,1572520391.096812
2127,,,,,,,,1572520391.0997252
2128,,,,,,,,1572520391.0997372
2129,,,,,,,,1572520391.0997458
2130,,,,,,,,1572520391.1028292
2131,,,,,,,,1572520391.102841
2132,,,,,,,,1572520391.1028492
2133,,,,,,,,1572520391.1056974
2134,,,,,,,,1572520391.1057093
2135,,,,,,,,1572520391.1057184
2136,,,,,,,,1572520391.1086774
2137,,,,,,,,1572520391.1086888
2138,,,,,,,,1572520391.1086977
2139,,,,,,,,1572520391.111628
2140,,,,,,,,1572520391.111639
2141,,,,,,,,1572520391.1116478
2142,,,,,,,,1572520391.1146853
2143,,,,,,,,1572520391.1146975
2144,,,,,,,,1572520391.1147058
2145,,,,,,,,1572520391.1175928
2146,,,,,,,,1572520391.1176035
2147,,,,,,,,1572520391.1176121
2148,,,,,,,,1572520391.120603
2149,,,,,,,,1572520391.120615
2150,,,,,,,,1572520391.1206234
2151,,,,,,,,1572520391.1238425
2152,,,,,,,,1572520391.1238546
2153,,,,,,,,1572520391.123863
2154,,,,,,,,1572520391.1268659
2155,,,,,,,,1572520391.1268766
2156,,,,,,,,1572520391.1268854
2157,,,,,,,,1572520391.129802
2158,,,,,,,,1572520391.1298134
2159,,,,,,,,1572520391.129822
2160,,,,,,,,1572520391.1327922
2161,,,,,,,,1572520391.1328046
2162,,,,,,,,1572520391.1328135
2163,,,,,,,,1572520391.1357589
2164,,,,,,,,1572520391.1357706
2165,,,,,,,,1572520391.1357794
2166,,,,,,,,1572520391.1386125
2167,,,,,,,,1572520391.1386232
2168,,,,,,,,1572520391.1386318
2169,,,,,,,,1572520391.141666
2170,,,,,,,,1572520391.1416783
2171,,,,,,,,1572520391.1416867
2172,,,,,,,,1572520391.1446974
2173,,,,,,,,1572520391.1447086
2174,,,,,,,,1572520391.144717
2175,,,,,,,,1572520391.147736
2176,,,,,,,,1572520391.147747
2177,,,,,,,,1572520391.147755
2178,,,,,,,,1572520391.1507
2179,,,,,,,,1572520391.150711
2180,,,,,,,,1572520391.1507196
2181,,,,,,,,1572520391.1537042
2182,,,,,,,,1572520391.1537151
2183,,,,,,,,1572520391.1537242
2184,,,,,,,,1572520391.1566513
2185,,,,,,,,1572520391.1566632
2186,,,,,,,,1572520391.1566722
2187,,,,,,,,1572520391.1596715
2188,,,,,,,,1572520391.1596828
2189,,,,,,,,1572520391.1596916
2190,,,,,,,,1572520391.1628385
2191,,,,,,,,1572520391.1628504
2192,,,,,,,,1572520391.1628597
2193,,,,,,,,1572520391.1660383
2194,,,,,,,,1572520391.1660511
2195,,,,,,,,1572520391.16606
2196,,,,,,,,1572520391.1694915
2197,,,,,,,,1572520391.1695044
2198,,,,,,,,1572520391.169514
2199,,,,,,,,1572520391.1728475
2200,,,,,,,,1572520391.1728601
2201,,,,,,,,1572520391.1728692
2202,,,,,,,,1572520391.1757495
2203,,,,,,,,1572520391.1757615
2204,,,,,,,,1572520391.17577
2205,,,,,,,,1572520391.1789558
2206,,,,,,,,1572520391.1789677
2207,,,,,,,,1572520391.1789768
2208,,,,,,,,1572520391.1821835
2209,,,,,,,,1572520391.1821961
2210,,,,,,,,1572520391.1822054
2211,,,,,,,,1572520391.1852427
2212,,,,,,,,1572520391.1852555
2213,,,,,,,,1572520391.1852646
2214,,,,,,,,1572520391.1882474
2215,,,,,,,,1572520391.1882586
2216,,,,,,,,1572520391.1882668
2217,,,,,,,,1572520391.191072
2218,,,,,,,,1572520391.1910837
2219,,,,,,,,1572520391.1910925
2220,,,,,,,,1572520391.1938343
2221,,,,,,,,1572520391.1938457
2222,,,,,,,,1572520391.1938546
2223,,,,,,,,1572520391.1969886
2224,,,,,,,,1572520391.1970005
2225,,,,,,,,1572520391.1970093
2226,,,,,,,,1572520391.1997585
2227,,,,,,,,1572520391.1997688
2228,,,,,,,,1572520391.1997771
2229,,,,,,,,1572520391.2029264
2230,,,,,,,,1572520391.2029388
2231,,,,,,,,1572520391.2029479
2232,,,,,,,,1572520391.206031
2233,,,,,,,,1572520391.2060435
2234,,,,,,,,1572520391.2060528
2235,,,,,,,,1572520391.2091815
2236,,,,,,,,1572520391.2091937
2237,,,,,,,,1572520391.2092025
2238,,,,,,,,1572520391.2121003
2239,,,,,,,,1572520391.2121115
2240,,,,,,,,1572520391.2121198
2241,,,,,,,,1572520391.215172
2242,,,,,,,,1572520391.2151842
2243,,,,,,,,1572520391.2151933
2244,,,,,,,,1572520391.218284
2245,,,,,,,,1572520391.218295
2246,,,,,,,,1572520391.218304
2247,,,,,,,,1572520391.2213244
2248,,,,,,,,1572520391.2213361
2249,,,,,,,,1572520391.2213447
2250,,,,,,,,1572520391.223914
2251,,,,,,,,1572520391.2239263
2252,,,,,,,,1572520391.2239347
2253,,,,,,,,1572520391.226872
2254,,,,,,,,1572520391.2268841
2255,,,,,,,,1572520391.226893
2256,,,,,,,,1572520391.2299185
2257,,,,,,,,1572520391.2299302
2258,,,,,,,,1572520391.229939
2259,,,,,,,,1572520391.233389
2260,,,,,,,,1572520391.2334013
2261,,,,,,,,1572520391.2334108
2262,,,,,,,,1572520391.2361908
2263,,,,,,,,1572520391.2362018
2264,,,,,,,,1572520391.2362103
2265,,,,,,,,1572520391.2391045
2266,,,,,,,,1572520391.2391162
2267,,,,,,,,1572520391.2391245
2268,,,,,,,,1572520391.2421465
2269,,,,,,,,1572520391.242158
2270,,,,,,,,1572520391.2421668
2271,,,,,,,,1572520391.2451644
2272,,,,,,,,1572520391.2451758
2273,,,,,,,,1572520391.2451851
2274,,,,,,,,1572520391.2481906
2275,,,,,,,,1572520391.248202
2276,,,,,,,,1572520391.248211
2277,,,,,,,,1572520391.2512488
2278,,,,,,,,1572520391.251261
2279,,,,,,,,1572520391.2512698
2280,,,,,,,,1572520391.2542531
2281,,,,,,,,1572520391.2542639
2282,,,,,,,,1572520391.2542725
2283,,,,,,,,1572520391.25714
2284,,,,,,,,1572520391.2571518
2285,,,,,,,,1572520391.25716
2286,,,,,,,,1572520391.2601745
2287,,,,,,,,1572520391.2601867
2288,,,,,,,,1572520391.260195
2289,,,,,,,,1572520391.2632852
2290,,,,,,,,1572520391.263297
2291,,,,,,,,1572520391.263306
2292,,,,,,,,1572520391.2662647
2293,,,,,,,,1572520391.2662761
2294,,,,,,,,1572520391.2662842
2295,,,,,,,,1572520391.2693803
2296,,,,,,,,1572520391.2693927
2297,,,,,,,,1572520391.2694016
2298,,,,,,,,1572520391.2723656
2299,,,,,,,,1572520391.2723773
2300,,,,,,,,1572520391.2723863
2301,,,,,,,,1572520391.275
2302,,,,,,,,1572520391.2750113
2303,,,,,,,,1572520391.2750201
2304,,,,,,,,1572520391.2779906
2305,,,,,,,,1572520391.2780027
2306,,,,,,,,1572520391.2780113
2307,,,,,,,,1572520391.280663
2308,,,,,,,,1572520391.2806754
2309,,,,,,,,1572520391.2806842
2310,,,,,,,,1572520391.2837892
2311,,,,,,,,1572520391.2838001
2312,,,,,,,,1572520391.2838085
2313,,,,,,,,1572520391.2868521
2314,,,,,,,,1572520391.286863
2315,,,,,,,,1572520391.2868714
2316,,,,,,,,1572520391.2898653
2317,,,,,,,,1572520391.2898767
2318,,,,,,,,1572520391.2898853
2319,,,,,,,,1572520391.2927768
2320,,,,,,,,1572520391.292789
2321,,,,,,,,1572520391.2927978
2322,,,,,,,,1572520391.2957873
2323,,,,,,,,1572520391.2957988
2324,,,,,,,,1572520391.2958071
2325,,,,,,,,1572520391.2986946
2326,,,,,,,,1572520391.2987049
2327,,,,,,,,1572520391.2987194
2328,,,,,,,,1572520391.3015013
2329,,,,,,,,1572520391.3015127
2330,,,,,,,,1572520391.301521
2331,,,,,,,,1572520391.3045008
2332,,,,,,,,1572520391.3045123
2333,,,,,,,,1572520391.3045208
2334,,,,,,,,1572520391.3075764
2335,,,,,,,,1572520391.307588
2336,,,,,,,,1572520391.3075967
2337,,,,,,,,1572520391.3104188
2338,,,,,,,,1572520391.3104317
2339,,,,,,,,1572520391.3104405
2340,,,,,,,,1572520391.3134258
2341,,,,,,,,1572520391.3134375
2342,,,,,,,,1572520391.313446
2343,,,,,,,,1572520391.316381
2344,,,,,,,,1572520391.3163922
2345,,,,,,,,1572520391.3164005
2346,,,,,,,,1572520391.319356
2347,,,,,,,,1572520391.3193667
2348,,,,,,,,1572520391.3193748
2349,,,,,,,,1572520391.3223424
2350,,,,,,,,1572520391.3223536
2351,,,,,,,,1572520391.3223622
2352,,,,,,,,1572520391.3254488
2353,,,,,,,,1572520391.325461
2354,,,,,,,,1572520391.3254693
2355,,,,,,,,1572520391.3283787
2356,,,,,,,,1572520391.328392
2357,,,,,,,,1572520391.3284009
2358,,,,,,,,1572520391.3314059
2359,,,,,,,,1572520391.3314178
2360,,,,,,,,1572520391.3314264
2361,,,,,,,,1572520391.3343866
2362,,,,,,,,1572520391.3343985
2363,,,,,,,,1572520391.3344069
2364,,,,,,,,1572520391.3373845
2365,,,,,,,,1572520391.337396
2366,,,,,,,,1572520391.3374045
2367,,,,,,,,1572520391.3402307
2368,,,,,,,,1572520391.340242
2369,,,,,,,,1572520391.3402503
2370,,,,,,,,1572520391.3429916
2371,,,,,,,,1572520391.3430028
2372,,,,,,,,1572520391.3430114
2373,,,,,,,,1572520391.345865
2374,,,,,,,,1572520391.3458767
2375,,,,,,,,1572520391.345885
2376,,,,,,,,1572520391.348719
2377,,,,,,,,1572520391.3487303
2378,,,,,,,,1572520391.348739
2379,,,,,,,,1572520391.3513827
2380,,,,,,,,1572520391.351394
2381,,,,,,,,1572520391.3514025
2382,,,,,,,,1572520391.3539774
2383,,,,,,,,1572520391.3539882
2384,,,,,,,,1572520391.3539963
2385,,,,,,,,1572520391.3569238
2386,,,,,,,,1572520391.3569353
2387,,,,,,,,1572520391.3569436
2388,,,,,,,,1572520391.3599865
2389,,,,,,,,1572520391.3599973
2390,,,,,,,,1572520391.3600042
2391,,,,,,,,1572520391.3630085
2392,,,,,,,,1572520391.3630202
2393,,,,,,,,1572520391.363028
2394,,,,,,,,1572520391.366239
2395,,,,,,,,1572520391.366251
2396,,,,,,,,1572520391.3662596
2397,,,,,,,,1572520391.3691797
2398,,,,,,,,1572520391.3691921
2399,,,,,,,,1572520391.369201
2400,,,,,,,,1572520391.3722134
2401,,,,,,,,1572520391.3722248
2402,,,,,,,,1572520391.3722327
2403,,,,,,,,1572520391.3754756
2404,,,,,,,,1572520391.375487
2405,,,,,,,,1572520391.3754957
2406,,,,,,,,1572520391.3783956
2407,,,,,,,,1572520391.378408
2408,,,,,,,,1572520391.3784158
2409,,,,,,,,1572520391.3813257
2410,,,,,,,,1572520391.3813376
2411,,,,,,,,1572520391.381346
2412,,,,,,,,1572520391.384295
2413,,,,,,,,1572520391.3843071
2414,,,,,,,,1572520391.384316
2415,,,,,,,,1572520391.3873327
2416,,,,,,,,1572520391.3873444
2417,,,,,,,,1572520391.387353
2418,,,,,,,,1572520391.3901007
2419,,,,,,,,1572520391.3901117
2420,,,,,,,,1572520391.3901203
2421,,,,,,,,1572520391.3931081
2422,,,,,,,,1572520391.3931203
2423,,,,,,,,1572520391.3931286
2424,,,,,,,,1572520391.3960328
2425,,,,,,,,1572520391.3960452
2426,,,,,,,,1572520391.396054
2427,,,,,,,,1572520391.3991406
2428,,,,,,,,1572520391.399152
2429,,,,,,,,1572520391.3991609
2430,,,,,,,,1572520391.402182
2431,,,,,,,,1572520391.402194
2432,,,,,,,,1572520391.4022021
2433,,,,,,,,1572520391.4052703
2434,,,,,,,,1572520391.4052823
2435,,,,,,,,1572520391.405291
2436,,,,,,,,1572520391.4083152
2437,,,,,,,,1572520391.4083269
2438,,,,,,,,1572520391.408336
2439,,,,,,,,1572520391.4115126
2440,,,,,,,,1572520391.4115238
2441,,,,,,,,1572520391.411532
2442,,,,,,,,1572520391.414228
2443,,,,,,,,1572520391.4142396
2444,,,,,,,,1572520391.4142485
2445,,,,,,,,1572520391.4172058
2446,,,,,,,,1572520391.4172173
2447,,,,,,,,1572520391.4172254
